╣з╟к╟ыкдй╝фъуб ╬ыйюжУд©ё╗пбдЙ©Люжё║ё╘,3242,2018/1/1 0:05
╣з╟к╟ыкдй╝╟куб дОё╛оРг╟ЁЕ,3388,2018/1/1 17:35
╣з╟к╟ыкдй╝╬еуб ╠х╡р╢С╩А,3577,2018/1/1 21:55
╣з╟к╟ынЕй╝уб рЕ╠║тфлЛуПсНжФ,5317,2018/1/2 20:07
╣з╟к╟ынЕй╝р╩уб в╟рт╪╟гюгв,3051,2018/1/2 23:37
╣з╟к╟ынЕй╝╤Чуб я║тЯ╣юбб,3275,2018/1/3 20:39
╣з╟к╟ынЕй╝хЩуб ╩ь╣ьгР,4172,2018/1/3 23:56
╣з╟к╟ынЕй╝кдуб кюак╤╪р╙ац,4060,2018/1/4 19:50
╣з╟к╟ынЕй╝нЕуб ╪ед╞мР╧е,4400,2018/1/5 18:26
╣з╟к╟ынЕй╝аЫуб ╪рспомфч,3601,2018/1/6 2:24
╣з╟к╟ынЕй╝фъуб р╩д╖я╧р╩╫л,4336,2018/1/6 22:11
╣з╟к╟ынЕй╝╟куб г©╣дц╩╤тйж,4000,2018/1/7 2:12
╣з╟к╟ынЕй╝╬еуб тыиЗ╦Же╝╤Ы,3785,2018/1/7 20:40
╣з╟к╟ыаЫй╝уб ╥ияО╟оЛХн╙к╜пш,4109,2018/1/8 2:08
╣з╟к╟ыаЫй╝р╩уб ЁЧд╖нчф╔,4062,2018/1/8 20:29
╣з╟к╟ыаЫй╝╤Чуб ╧е╣юххЁ╕ЁЧиЯмУ,4790,2018/1/9 0:58
╣з╟к╟ыаЫй╝хЩуб пджп╢©ифё╛р╩дНлЛлц,3530,2018/1/9 22:54
╣з╟к╟ыаЫй╝кдуб рУ╪Д╣зр╩╫Ш╣ь,3138,2018/1/10 3:25
╣з╟к╟ыаЫй╝нЕуб я╡йсх╚сНжФ,4760,2018/1/10 23:27
╣з╟к╟ыаЫй╝аЫуб иМ╥щ╠╘б╤,3773,2018/1/11 14:35
╣з╟к╟ыаЫй╝фъуб ╢С╩И,4524,2018/1/11 22:56
╣з╟к╟ыаЫй╝╟куб т╡бЗ╩ИюЯ,3524,2018/1/12 18:00
╣з╟к╟ыаЫй╝╬еуб нбхАоГё╛╨эгЦЁг,4639,2018/1/12 23:56
╣з╟к╟ыфъй╝уб ╤Я╤╬,3420,2018/1/13 19:06
╣з╟к╟ыфъй╝р╩уб д╖мУж╝е╜,4407,2018/1/14 0:39
╣заЫ╟ыфъй╝╤Чуб лЛобсп╣п,4128,2018/1/14 21:16
╣з╟к╟ыфъй╝хЩуб к╜оЫуе,3349,2018/1/15 2:11
╣з╟к╟ыфъй╝кдуб хкмУ,4360,2018/1/15 21:41
╣з╟к╟ыфъй╝нЕуб дКя╧,3709,2018/1/16 18:17
╣з╟к╟ыфъй╝аЫуб ╢С╩И╩╗жРр╧,3789,2018/1/17 0:26
╣з╟к╟ыфъй╝фъуб р╩╤Чр╩,3717,2018/1/17 21:04
╣з╟к╟ыфъй╝╟куб ╡╧иЖ,3763,2018/1/18 1:16
╣з╟к╟ыфъй╝╬еуб пг©уоб╣з╤ЧюЖхк,3525,2018/1/19 16:05
╣з╟к╟ы╟кй╝уб р╩п║й╠╢Р╠ИсНжФ,3295,2018/1/20 2:55
╣з╟к╟ы╟кй╝р╩уб гЕкЦпг©уфОй©,3783,2018/1/20 21:42
╣з╟к╟ы╟кй╝╤Чуб т╙пв╬║ЁЖ,4525,2018/1/21 12:34
╣з╟к╟ы╟кй╝хЩуб ╨Аи╗а╙╬Э,4084,2018/1/22 0:46
╣з╟к╟ы╟кй╝кдуб ╣гцегКвОё©,3809,2018/1/22 20:06
╣з╟к╟ы╟кй╝нЕуб хБиМЁий╔,3745,2018/1/23 9:50
╣з╟к╟ы╟кй╝аЫуб ╥иои,4475,2018/1/23 23:31
╣з╟к╟ы╟кй╝фъуб ╢Р╠╛╬мйг,3406,2018/1/24 13:59
╣з╟к╟ы╟кй╝╟куб мюй╔╢С╩А,3422,2018/1/25 0:27
╣з╟к╟ы╟кй╝╬еуб нрх╔уЭ╬хсНжФ,3281,2018/1/25 13:20
╣з╟к╟ы╬ей╝уб Ё╛╪╤╢Сйб╪Ч,3284,2018/1/26 1:36
╣з╟к╟ы╬ей╝р╩уб вНг©╥Г╠╘,3562,2018/1/26 21:07
╣з╟к╟ы╬ей╝╤Чуб жНй╔фК╫╣аы,3032,2018/1/27 12:14
╣з╟к╟ы╬ей╝хЩуб ╤╪оКр╩ня╤к,3365,2018/1/27 20:44
╣з╟к╟ы╬ей╝кдуб ╢Ст╗иЩои,4360,2018/1/28 11:53
╣з╟к╟ы╬ей╝нЕуб ЁЧ╥Г╢Сд╖м╥л╚пв╡п,4412,2018/1/28 20:50
╣з╟к╟ы╬ей╝аЫуб й╔хкмецП,3115,2018/1/29 11:10
╣з╟к╟ы╬ей╝фъуб ╢с╢кйю╪Днчбж╩ь,3867,2018/1/30 0:10
╣з╟к╟ы╬ей╝╟куб сЁуужНлЛсжхГ╨н,3114,2018/1/30 18:30
╣з╟к╟ы╬ей╝╬еуб т╜ю╢йгдЦ,3043,2018/1/31 1:10
╣з╬е╟ыуб ╬ЩаылЛоб,3756,2018/1/31 21:36
╣з╬е╟ыаЦр╩уб гЕкЦ╦ВвЕ,4281,2018/2/1 1:07
╣з╬е╟ыаЦ╤Чуб я╙у╝я╙╩╧,4267,2018/2/1 21:57
╣з╬е╟ыаЦхЩуб йю╪Дрянч╣пйж,3594,2018/2/2 1:15
╣з╬е╟ыаЦкдуб ╪Яб╘уъ╣д╠╞╥ъ,3092,2018/2/2 22:21
╣з╬е╟ыаЦнЕуб пдя╙ю╢Ё╠,2216,2018/2/3 12:56
╣з╬е╟ыаЦаЫуб лЛ╥╜╣ь╦╡,2076,2018/2/3 12:58
╣з╬е╟ыаЦфъуб кд╥╫ю╢Ё╞╨ь,3572,2018/2/3 23:05
╣з╬е╟ыаЦ╟куб Ё╒╬║йю╪Дя╓юц,3339,2018/2/4 18:12
╣з╬е╟ыаЦ╬еуб й╒╪╚,4160,2018/2/4 23:51
╣з╬е╟ыр╩й╝уб лЛая,3099,2018/2/6 18:33
╣з╬е╟ыр╩й╝р╩уб ╫╜и╫хГ╩╜цюхкхГ╩╜,3338,2018/2/7 1:34
╣з╬е╟ыр╩й╝╤Чуб аВя╙╣д╢Сцн╬╩ма,3160,2018/2/7 18:45
╣з╬е╟ыр╩й╝хЩуб и╠нчиБ,3436,2018/2/8 0:08
╣з╬е╟ыр╩й╝кдуб лЛ╤й,4269,2018/2/8 20:14
╣з╬е╟ыр╩й╝нЕуб о╡╩╤╧Щ,3027,2018/2/9 1:42
╣з╬е╟ыр╩й╝аЫуб м╛╫Ьа╤сЭ,3418,2018/2/9 22:12
╣з╬е╟ыр╩й╝фъуб ц╩спб╥,2909,2018/2/10 18:52
╣з╬е╟ыр╩й╝╟куб йтяИи╠йжО╣,2089,2018/2/10 19:08
╣з╬е╟ыр╩й╝╬еуб ╢кнОсКнрспт╣,2778,2018/2/10 22:57
╣з╬е╟ы╤Чй╝уб ╥ГфПрУ╪Д,3442,2018/2/11 19:28
╣з╬е╟ы╤Чй╝р╩уб кд╢СлЛвП,3530,2018/2/12 0:05
╣з╬е╟ы╤Чй╝╤Чуб рУ╪ДвНг©,4483,2018/2/12 15:17
╣з╬е╟ы╤Чй╝хЩуб ╫Ь╩╞╬║м╥л╚©ж╡ю,4001,2018/2/12 23:56
╣з╬е╟ы╤Чй╝кдуб ЁЧд╖хд╧Щк╜,3166,2018/2/13 17:14
╣з╬е╟ы╤Чй╝нЕуб яТ╪ДлЛвП©йгСж╝нО,3516,2018/2/14 1:11
╣з╬е╟ы╤Чй╝аЫуб сжр╩╡©╬©╪╚╨ТнЭ╥╗,3469,2018/2/14 19:12
╣з╬е╟ы╤Чй╝фъуб дЦ╢Ср╞ю╢ак,3126,2018/2/15 1:22
╣з╬е╟ы╤Чй╝╟куб у╤яТ╪Д╧╥м╥,4050,2018/2/15 20:50
╣з╬е╟ы╤Чй╝╬еуб я╙х╬пг©у,3848,2018/2/16 22:12
╣з╬е╟ыхЩй╝уб кюнч©и╬Е,4503,2018/2/17 20:25
╣з╬е╟ыхЩй╝р╩уб и╠╦Жм╢©Л,3832,2018/2/18 22:07
╣з╬е╟ыхЩй╝╤Чуб дгйгнрр╞р╞,4633,2018/2/19 23:04
╣з╬е╟ыхЩй╝хЩуб тз╬Ь╤т╣дй╣а╕цФг╟,3680,2018/2/21 0:18
╣з╬е╟ыхЩй╝кдуб ╨з╟╣й╠╢З,3767,2018/2/21 23:51
╣з╬е╟ыхЩй╝нЕуб нчб╥©ивъ,3412,2018/2/22 20:47
╣з╬е╟ыхЩй╝аЫуб лЛе╜хкт╧ё╛жОи╠ж╝,3157,2018/2/23 21:35
╣з╬е╟ыхЩй╝фъуб у╤иЯ,3188,2018/2/24 1:39
╣з╬е╟ыхЩй╝╟куб лЛобнч©╧йж,3263,2018/2/24 20:51
╣з╬е╟ыхЩй╝╬еуб лЛвПЁЖйж,3143,2018/2/25 1:41
╣з╬е╟ыкдй╝уб жу╪╚╨ТнЭ╥╗у╤лЛвП,3479,2018/2/25 21:48
╣з╬е╟ыкдй╝р╩уб ╦╢иЗ,4971,2018/2/26 11:46
╣з╬е╟ыкдй╝╤Чуб ╡таЗсКроЁФ,4077,2018/2/26 22:44
╣з╬е╟ыкдй╝хЩуб ╢Ст╗ж╝об,3166,2018/2/27 11:45
╣з╬е╟ыкдй╝кдуб оЮт╪яТ╪Дтыу╫ё║,3197,2018/2/27 23:52
╣з╬е╟ыкдй╝нЕуб ╩Нве,3200,2018/2/28 18:51
╣з╬е╟ыкдй╝аЫуб аЗЁ╡жпдЫ_,2754,2018/2/28 23:52
╣з╬е╟ыкдй╝фъуб вН╨С╣д╦Ф╠П,3619,2018/3/1 13:47
╣з╬е╟ыкдй╝╟куб ╢с╫ЯлЛ©╙й╪вЖ╢Сд╖мУ,3972,2018/3/2 1:00
╣з╬е╟ыкдй╝╬еуб м╣╤ияТ╪Д,2759,2018/3/2 20:59
╣з╬е╟ынЕй╝уб гвиМ╬╜юЗбж╩ь╢С©ж╡ю,3395,2018/3/3 1:44
╣з╬е╟ынЕй╝р╩уб хТспю╢иЗ╩╧йгпж╣э,4272,2018/3/3 22:11
╣з╬е╟ынЕй╝╤Чуб я║тЯЁииЯ,3627,2018/3/4 11:54
╣з╬е╟ынЕй╝хЩуб ╥Хд╖рЛсРпп,3343,2018/3/4 23:20
╣з╬е╟ынЕй╝кдуб хЁмхлЛвП,4086,2018/3/5 13:52
╣з╬е╟ынЕй╝нЕуб сШофжНиЯтАма,4296,2018/3/5 23:54
╣з╬е╟ынЕй╝аЫуб ╢р╢рй╝дЙ,4833,2018/3/6 13:35
╣з╬е╟ынЕй╝фъуб ╫Ш╣ь╥Шж╫тзйж,4619,2018/3/6 23:54
╣з╬е╟ынЕй╝╟куб лЛобнрсп,3885,2018/3/7 19:42
╣з╬е╟ынЕй╝╬еуб ╣╞ж╦╟ыдЙ╧Щ,4202,2018/3/8 0:09
╣з╬е╟ыаЫй╝уб нТдЙлЛ╣ш╬иб╥,3418,2018/3/8 21:41
╣з╬е╟ыаЫй╝р╩уб ЁииЯ,3093,2018/3/9 2:37
╣з╬е╟ыаЫй╝╤Чуб уФдпиЯфЯдэк╣╡╩пп,3122,2018/3/9 22:44
╣з╬е╟ыаЫй╝хЩуб лЛобрянч╣п,3424,2018/3/10 21:09
╣з╬е╟ыаЫй╝кдуб ╨Амф╣зр╩╫Ш╣ь,4557,2018/3/11 0:52
╣з╬е╟ыаЫй╝нЕуб ╩ь╧ИрУ╪Д,3516,2018/3/11 23:13
╣з╬е╟ыаЫй╝аЫуб ╢крУ╪Д╡╩йгуФуЩ╣д╢СрУ╪Д,2176,2018/3/12 2:01
╣з╬е╟ыаЫй╝фъуб яТ╪Д╣д╢С╤╞вВ,3914,2018/3/12 22:35
╣з╬е╟ыаЫй╝╟куб акх╢╨ЛЁ╬йб,3115,2018/3/13 11:33
╣з╬е╟ыаЫй╝╬еуб гв╣Ыё╛нр╦ЗдЦф╢ак,2022,2018/3/13 11:36
╣з╬е╟ыфъй╝уб ╬м╢к╦Ф╠П,2752,2018/3/13 23:43
╣з╬е╟ыфъй╝р╩уб ╦╦вса╙йжмюиЯ,4233,2018/3/14 18:37
╣з╬е╟ыфъй╝╤Чуб ╦Ввт╣д╧Им╬,3192,2018/3/15 2:17
╣з╬е╟ыфъй╝хЩуб ╢СрУ╪ДсК╢СяТ╪ДтЬ╬╜у╫╧Щ,3170,2018/3/15 23:07
╣з╬е╟ыфъй╝кдуб ╢СсН╪╤иЗнО,1173,2018/3/16 23:23
╣з╬е╟ыфъй╝нЕуб иЖпИ,2830,2018/3/17 4:32
╣з╬е╟ыфъй╝аЫуб ╡пффсНжФйю╣ю╠Дак,3203,2018/3/18 0:08
╣з╬е╟ыфъй╝фъуб р╩©е╧еюо╣джжвс,2061,2018/3/18 1:53
╣з╬е╟ыфъй╝╟куб иЯаИИФбДр╩╡╗,3568,2018/3/19 0:06
╣з╬е╟ыфъй╝╬еуб йбак╥Врбх╔,3189,2018/3/19 11:45
╣з╬е╟ы╟кй╝уб кШоГсЖ╧йж╙,3518,2018/3/20 1:16
╣з╬е╟ы╟кй╝р╩уб,2948,2018/3/20 15:55
╣з╬е╟ы╟кй╝╤Чуб р╩╦ЖхклТу╫х╚яТ╪Д,3316,2018/3/21 0:12
╣з╬е╟ы╟кй╝хЩуб гэои,3098,2018/3/21 15:18
╣з╬е╟ы╟кй╝кдуб Ё╓й╧с╒пшюАбЗ╫С,2773,2018/3/22 0:40
╣з╬е╟ы╟кй╝нЕуб ╧╡╬ы╢Сйб,3735,2018/3/22 20:59
╣з╬е╟ы╟кй╝аЫуб йгн╙ио╡тои,2724,2018/3/23 0:52
╣з╬е╟ы╟кй╝фъуб р╩╫ё╤омР╧е,2875,2018/3/25 2:55
╣з╬е╟ы╟кй╝╟куб т╬ио╡т,2824,2018/3/26 1:23
╣з╬е╟ы╟кй╝╬еуб й╥иовНг©╣дхкё╗╦╫ж╝г╟╤о╦Эт╜рРё╘,2979,2018/3/27 22:57
╣з╬е╟ы╬ей╝уб мР╧ей╠©ур╩╩╜╬М,2958,2018/3/28 23:40
╣з╬е╟ы╬ей╝р╩уб ╩ф╫ПкЙтбу╤пбнр,3088,2018/3/30 1:48
╣з╬е╟ы╬ей╝╤Чуб ╟ыТ╢уЫаВ,2671,2018/3/31 2:19
╣з╬е╟ы╬ей╝хЩуб й╒╩А,3304,2018/4/1 1:08
╣з╬е╟ы╬ей╝кдуб яТ╪ДуЫ╟туъ,3677,2018/4/2 0:05
╣з╬е╟ы╬ей╝нЕуб ╩ЁрихкиЗ,3368,2018/4/3 0:25
╣з╬е╟ы╬ей╝аЫуб ЁЧ╥ГтзуБюО,3050,2018/4/4 0:55
╣з╬е╟ы╬ей╝фъуб ЁЧд╖мюиЯ,3156,2018/4/5 1:24
╣з╬е╟ы╬ей╝╟куб р╩╫ё╨╝╧БиЕлЛоб,3237,2018/4/6 1:37
╣з╬е╟ы╬ей╝╬еуб РВройих╨аЗ,3202,2018/4/7 9:28
╣зр╩г╖уб уРя╧жзиЯ,3215,2018/4/8 8:10
╣зр╩г╖аЦр╩уб дКя╧,4099,2018/4/9 9:37
╣зр╩г╖аЦ╤Чуб Н╒МЧлЛоб,3378,2018/4/10 11:43
╣зр╩г╖аЦхЩуб ╧Р╫сЁЧмУ╥╗ж╪,3181,2018/4/10 23:56
╣зр╩г╖аЦкдуб узлЛ,2792,2018/4/11 12:51
╣зр╩г╖аЦнЕуб иЯд╧,2227,2018/4/12 1:12
╣зр╩г╖аЦаЫуб бж╩ьб╥ио╣ддгж╩╨зйжЁЖйю,3951,2018/4/12 13:52
╣зр╩г╖аЦфъуб аНлЛвП╬ЬмШ,2804,2018/4/13 1:59
╣зр╩г╖аЦ╟куб акх╢рУ╪ДжНйбл╓уВЁл,3033,2018/4/14 2:05
╣зр╩г╖аЦ╬еуб д╔цПпбиЗ,3128,2018/4/15 9:52
╣зр╩г╖аЦр╩й╝уб дЮл╔ЁЖйж,3003,2018/4/15 23:55
╣з1011уб бж╩ьжу╪╚╣ь,2779,2018/4/17 8:45
╣з1012уб й╛╣Н,3102,2018/4/17 23:55
╣з1013уб жНлЛтЛ╩╞╬║тз╢к,3262,2018/4/18 15:45
╣з1014уб бж╩ьжВё╛╢Р╟Эё║,2689,2018/4/19 1:51
╣з1015уб ╬м╢кв╙йюм╤л╔,2381,2018/4/19 15:35
╣з1016уб ╬ецПжьиЗ,2737,2018/4/20 10:37
╣з1017уб й╞╨пуФхщ,3141,2018/4/20 23:54
╣з1018уб лЛл╔,2463,2018/4/21 11:54
╣з1019уб яТ╪ДтыиЗ,2784,2018/4/22 1:07
яТ╪Дф╙ ╣з1020уб ╡╩пеп╟,3249,2018/4/22 19:33
╣з1021уб оивсдО,4205,2018/4/23 11:48
яТ╪Дф╙ ╣з1022уб ювуПвс,3085,2018/4/24 2:00
╣з1023уб ©иеб╣д╣зр╩©н,3188,2018/4/24 20:32
яТ╪Дф╙ ╣з1024уб ╢Сдэк╔╟э,2783,2018/4/25 1:00
яТ╪Дф╙ ╣з1025уб т╘╪рб╥у╜,2854,2018/4/25 17:29
яТ╪Дф╙ ╣з1026уб л╔жпцтуФоЮ,2836,2018/4/26 1:53
╣з1027уб ╢С╩д╡╩╢╬фс,3172,2018/4/26 22:11
яТ╪Дф╙ ╣з1028уб м╛н╙в╙йюуъ,3137,2018/4/28 10:13
яТ╪Дф╙ ╣з1029уб ╡╧лЛ,3283,2018/4/29 11:28
╣з1030уб ╪╖пИ©у,2579,2018/4/29 16:34
яТ╪Дф╙ ╣з1031уб иЯои╫Ц╫ЦдР╢╡ю╡,3246,2018/4/30 1:05
╣з1032уб жу╪╚╫Ь╩╞╨ш╪ё,3699,2018/4/30 21:54
╣з1033уб д╙╦╨╨цй╠╧Б,4339,2018/5/1 13:46
╣з1034уб жаг©рЛ╩дхквЕ,3045,2018/5/2 2:14
╣з1035уб лЛ╨Ы,3768,2018/5/3 11:46
╣з1036уб ЁЖ╢Сйбак,4407,2018/5/4 3:11
яТ╪Дф╙ ╣з1037уб ╢Сбр╫╚фП╠ъ╩д,3036,2018/5/4 21:22
╣з1038уб г╟е╝ся,3054,2018/5/5 12:35
╣з1039уб оекюхк╣дцШвж,3430,2018/5/5 23:27
╣з1040уб ╬есд_,3073,2018/5/6 21:50
╣з1041уб й╥г╟╣д╢С╦Г,3256,2018/5/7 1:03
╣з1042уб ╩ь╧Ит╜╣Ц,3323,2018/5/7 23:04
╣з1043уб фшхк,3123,2018/5/9 0:06
╣з1044уб ╫Б╬Ж,3363,2018/5/10 1:33
╣з1045уб лЛобс╒пш╬║хКнАЛ╟жп,3057,2018/5/11 12:03
╣з1046уб ╬ЩиЗнрн╢иЗ,1534,2018/5/11 21:34
╣з1047уб ╪╖х╠╣б,2874,2018/5/11 23:45
╣з1048уб аЗнятЛ╩╞,3351,2018/5/13 12:00
╣з1049уб ╧Е╠╕,2772,2018/5/14 2:21
╣з1050уб ╤╪╡╩йгиф╡Г╤Ы,3097,2018/5/14 23:40
╣з1051уб нч╥╗╣╡в║╣дсу╩С,2111,2018/5/14 23:50
╣з1052уб оекюлЛвП,3078,2018/5/16 9:23
╣з1053уб ╩НакхЩйю,3594,2018/5/16 20:37
╣з1054уб ╣╟╣╟╣дЦбсКсгик,3749,2018/5/17 19:29
╣з1055уб аЗнябДд╩,3042,2018/5/18 12:08
╣з1056уб к╜жВЁа╦║,3541,2018/5/19 0:11
╣з1057уб яТ╪Д╠ДлЛ,3047,2018/5/19 23:00
╣з1058уб цофелю,3780,2018/5/20 21:01
╣з1059уб ╤Ч╣э,3563,2018/5/21 18:51
╣з1060уб аЗлз╠ъ╩д,3113,2018/5/21 22:02
╣з1061уб ╥ияО╟оЛХ,3348,2018/5/22 18:09
╣з1062уб бж╩ьАВатуъ,3257,2018/5/23 1:18
╣з1063уб ╡╩йТсзр╩╡©╧ей╥,3113,2018/5/23 21:07
╣з1064уб бж╩ьиСеп,2220,2018/5/24 3:43
╣з1065уб м╪гНь╟╪Ш,2834,2018/5/25 0:35
╣з1066уб уЩй╫ЁЖи╫,3021,2018/5/25 13:24
╣з1067уб гЮжщ,2910,2018/5/26 3:50
╣з1068уб ╢Сцн╩Йма,3164,2018/5/27 17:48
╣з1069уб ╩ЙхБ,2315,2018/5/27 22:28
╣з1070уб г╖╧еспт╣тыоЮ╩А,3036,2018/5/28 1:59
╣з1071уб уФоЮ,3085,2018/5/29 0:20
╣з1072уб сзмЫиЗжп╩ь╧И,2218,2018/5/29 10:52
╣з1073уб Ёабы,3138,2018/5/29 23:03
╣з1074уб сКжу╪╚╫Ь╩╞сп╧ь,3117,2018/5/30 18:44
╣з1075уб ©с,2152,2018/5/31 3:43
╣з1076уб и╔пд╡║©Я╣д╢С╦Г,3119,2018/5/31 23:11
╣з1077уб ╩ри╚╣ь╢Ь,3136,2018/6/1 10:10
╣з1078уб б©Ё╣в╡сНжФу╫╫╒,3484,2018/6/2 1:30
╣з1079уб ╤╢о╓,3682,2018/6/2 21:48
╣з1080уб ЁЧ╡ф╢СфЬ╢ж,3002,2018/6/3 11:04
╣з1081уб нй╢П,2500,2018/6/4 18:22
╣з1802уб х╗мЧфз©╞вНпбяп╬©Ёи╧Ш,2335,2018/6/4 21:34
╣з1083уб тАоий╠╢З,2188,2018/6/4 23:47
╣з1084уб яТ╪Д╣зр╩Ё║й╒╩А,3341,2018/6/7 0:52
╣з1085уб йу╩Я╨э╢С,3313,2018/6/7 23:18
╣з1086уб иУйгоКдН,2081,2018/6/8 1:55
╣з1087уб гИ╣п,3668,2018/6/8 22:13
╣з1088уб яТ╪ДцЭтк╣дй╝вжб╥©з,3274,2018/6/9 13:38
╣з1089уб лЛ╣шюЗсию╢,3114,2018/6/10 2:04
╣з1090уб ╥ГаВтфи╒,2806,2018/6/10 23:47
╣з1091уб яТ╪Д╣зр╩,2425,2018/6/11 0:12
╣з1092уб нрйЕйгЁЧ╥Г,4097,2018/6/12 2:38
╣з1093уб цШ╤╞яТ╪Д,3353,2018/6/13 0:04
╣з1094уб лЛоб╥ГтфЁЖнр╠╡,3481,2018/6/14 2:53
╣з1095уб й╥г╟©Яхкж╝й╕,3308,2018/6/14 17:52
╣з1096уб пРапиЗнО,3258,2018/6/15 7:10
╣з1097уб цШи╫яЬиМж╝м╩фф,3482,2018/6/16 0:51
╣з1098уб лАиЩ,3093,2018/6/17 0:39
╣з1099уб ТФТФцюиыдЙ-ЁЧ,3132,2018/6/17 12:10
╣з1100уб ╢С©Л╤Дрц,3145,2018/6/17 23:55
╣з1101уб ╟АфПй╞м╥трЁЧ╣д╫е,3262,2018/6/18 18:44
╣з1102уб мзвФ╥ь,4228,2018/6/19 14:45
╣з1103уб ╟╝йгр╩╣ю╧Б,3217,2018/6/19 23:46
╣з1104уб рикф╧йхкю╢,3350,2018/6/20 22:13
╣з1105уб ЁЧ╥Гю╢акё║,3553,2018/6/20 23:22
╣з1106уб ЁЧ╢Сд╖м╥╡╩©и╣╡,3802,2018/6/21 18:17
╣з1107уб лЛкХа╤╫ПиМ,3386,2018/6/22 0:04
╣з1108уб а╛ня╤к,3820,2018/6/22 22:38
╣з1109уб ╬╙╧╜ж╝иЯ,2858,2018/6/24 9:51
╣з1110уб ЁЧ╨зйж,2720,2018/6/24 10:22
╣з1111уб ╤Ю╢С╣Цйб,3063,2018/6/24 23:56
╣з1112уб уЫоЮ╠╗╣ю,2427,2018/6/25 2:32
╣з1113уб ЁЧ╥Г╠Мй╬╦╨тП,2856,2018/6/26 13:58
╣з1114уб й╥г╟╢С╨зйжюХ_╩ь╧И,3417,2018/6/27 1:24
╣з1115уб яТ╪ДоЮсЖ╣зр╩н╩╧йхк,3365,2018/6/28 3:02
╣з1116уб лЛоб╣зр╩цюхк,2614,2018/6/30 12:51
╣з1117уб ╦Ввтм╤л╔б╥╡╩м╛,2397,2018/6/30 16:35
╣з1118уб уФгИ╣п,3587,2018/6/30 21:45
╣з1119уб м╗лЛоифы,4594,2018/7/1 18:52
╣з1120уб лЛ╢С╣дю╢м╥,2735,2018/7/2 0:52
╣з1121уб юХ_ж╝кю,2283,2018/7/3 11:51
╣з1122уб лЛдятАуъ,2081,2018/7/3 12:45
╣з1123уб мР╧е╡╩╟эиМ,3582,2018/7/4 18:29
╣з1124уб гю╫ы╥╦-ЁЧ,3656,2018/7/5 2:36
╣з1125уб ╡ф╢СфЬ╢ж-ЁЧ,3482,2018/7/6 1:40
╣з1126уб жзпгеУтб,2853,2018/7/7 11:17
╣з1127уб ЁЧ╥Г╣д╢С╤Ывс,2864,2018/7/7 13:45
╣з1128уб в╒╤╗Ёин╙л╚яТ╟Цр╚яш╣дхк,4256,2018/7/8 19:22
╣з1129уб ╪ШнрхГ╪ШхкмУ,3025,2018/7/8 23:58
╣з1130уб ╤╔юЯд╓╟щ,3408,2018/7/10 10:05
╣з1131уб рт╣б╥Чхк,3204,2018/7/10 12:15
╣з1132уб хкмУ╤тиЯмУ,3632,2018/7/11 11:28
╣з1133уб й╥иовНг©,3360,2018/7/12 0:34
╣з1134уб Ёт╦ид╗╬╩,3814,2018/7/12 13:09
╣з1135уб г╟кЫн╢╪Ш╣дп╟аИ,2392,2018/7/13 3:11
╣з1136уб ╨н╢╕╡╩╨з╧Ь,2893,2018/7/14 17:22
╣з1137уб гю╫ы╢Сп╟аИ,3045,2018/7/14 19:35
╣з1138уб ╢Спвж╝уж,3348,2018/7/15 20:50
╣з1139уб в╥и╠,3179,2018/7/15 23:20
╣з1140уб ╪юлЛнО,3036,2018/7/17 21:04
╣з1141уб яЩп╟,2575,2018/7/17 22:09
╣з1142уб е╝к╬╩Зю╢ак,3341,2018/7/18 21:28
╣з1143уб г©ффлЛ╪й,2466,2018/7/19 21:06
╣з1144уб уРя╧уБ╦Жй╠╢З,3054,2018/7/19 22:28
╣з1145уб ╨ЛЁ╬а╤пд,3138,2018/7/20 21:48
╣з1146уб яТ╪Д╫Ш╣ьдзнД╥ХвсуФиМ,4131,2018/7/23 12:40
╣з1147уб ©иеб╤ЬуЩх╥╣д╫Ь╩╞б╥╬╤,3268,2018/7/23 22:50
╣з1148уб ©иеб╣д╣╨сЛ,3329,2018/7/24 21:30
╣з1149уб м╗оРжа╦ъ╣дфъкюиМ,2174,2018/7/24 23:12
╣з1150уб юо╧е╣дяЫвс,2268,2018/7/26 21:07
╣з1151уб хЩв╙╬ЬмУ,3644,2018/7/28 0:20
╣з1152уб ╢Си╠фВжОх╨мУ,3466,2018/7/29 8:28
╣з1153уб кд╢Сцюхк,4024,2018/7/30 12:04
╣з1154уб я╙бЖ╧Шй╣,3609,2018/7/31 18:45
╣з1155уб иЙ╧╚╠╙,3422,2018/7/31 23:48
╣з1156уб ©╙╠ыяТ╪Дуъ╣дмЧ╥Г,3675,2018/8/1 20:59
╣з1157уб й╥г╟╣вефкднЕ╟ы,3286,2018/8/2 1:42
╣з1158уб ╡╩вЖ╢С╦Г╨ц╤ЮдЙ,3573,2018/8/2 22:38
╣з1159уб ╤╪╬╙╢Так,3450,2018/8/3 18:16
╣з1160уб ╨щхксКаЫ╤ЗБ╗╨О,4205,2018/8/4 23:11
╣з1161уб ╡╩пЮцМ,3144,2018/8/6 11:03
╣з1162уб н╒н╒р╩п╕ячгЦЁг,2425,2018/8/6 12:10
╣з1163уб ╩ср╩╩сйж╡╩╢Ьвър╩ф╛тф╡й,3702,2018/8/7 14:38
╣з1164уб г©╨Ё╣╫╣в,3456,2018/8/9 18:58
╣з1165уб й╝мРлЛ╫╚╧╔д╙╪р,2710,2018/8/9 23:15
╣з1166уб ╥Х©Я╣др╩лЛ,3379,2018/8/10 0:52
╣з1167уб ╣зр╩цюхк,3710,2018/8/10 21:38
╣з1168уб ╢Сдэ╡ну╫,2342,2018/8/11 2:52
╣з1169уб и╫╨с╫т╡Э,2762,2018/8/13 10:15
╣з1170уб ати╠лЛвП,2943,2018/8/13 12:49
╣з1171уб т╧фЬ╥плз,2167,2018/8/15 0:39
╣з1172уб рБпкю╩и╨,2294,2018/8/15 0:52
╣з1173уб ╢РнД╥Хвсж╝г╟,2286,2018/8/16 10:35
╣з1174уб яТ╪Д╤╔╪╤╢Сйфа╕а╙йж,2798,2018/8/16 15:35
╣з1175уб мУя╙тыми╠Д,2225,2018/8/17 17:19
╣з1176уб ╥еоб╥гнчгИ,2774,2018/8/17 21:35
╣з1177уб ╥Гтф╪╓╣╢,3572,2018/8/18 23:20
╣з1178уб цмаЗхКу╫Ё║,3696,2018/8/20 1:05
╣з1179уб цШвж╢Ь╣б╣д╤╪╡╩йг╨цЪЪ,4094,2018/8/21 19:41
╣з1180уб ╣зр╩цШи╫в╡╫Ь╫Ш╣ь,3851,2018/8/22 22:26
╣з1181уб ╢С╬к╦Г,3827,2018/8/23 23:52
╣з1182уб сШх║╤Ь╢Зж╝,4140,2018/8/25 10:18
╣з1183уб г╠╧ФтР,2470,2018/8/26 13:28
╣з1184 ╡эё╛иЯсб,2086,2018/8/26 13:39
╣з1185уб пв╡п╣д╣бвж╠╡,3550,2018/8/27 12:53
╣з1186уб ╡э©Ям╫,2954,2018/8/29 17:48
╣з1187уб б╧╧╚жВ,2371,2018/8/29 19:54
╣з1188уб н╗©жлЛоб╡╩бр,3056,2018/8/30 0:10
╣з1189уб ╟тмУж╝вк,3827,2018/8/30 20:47
╣з1190уб лЛяЩхэя╙,3742,2018/8/30 23:54
╣з1191уб пвцШуПу╫Ё║,3236,2018/8/31 22:14
╣з1192уб йю╫ГхГ╢кцю╨ц,4026,2018/9/1 0:44
╣з1193уб о╢╟в╟в,3512,2018/9/1 23:56
╣з1194уб ╢Сспю╢м╥╣де╝хк,3345,2018/9/2 2:26
╣з1195уб ╢С╥╢еи,3291,2018/9/3 0:54
╣з1196уб ╢Сп║╫Ц,2484,2018/9/3 3:14
╣з1197уб ╬мйгуБц╢вВкю,3131,2018/9/4 0:50
╣з1198уб фулЛм╛гЛ,3834,2018/9/4 23:01
╣з1199уб жусзоб╨зйжак,3310,2018/9/5 3:15
╣з1200уб фОВКдяоб,3074,2018/9/6 0:06
╣з1201уб Ё╪╥Ч╟ивЬфО,3708,2018/9/6 9:26
╣з1202уб ©о╤╗╠╩блак,3339,2018/9/7 9:40
╣з1203уб а╛вт╪╨хк╤╪ед╥╜,3771,2018/9/8 9:39
╣з1204уб ╠К╨╥ж╝╬╙╣Тр╩╣ьоб╟м,2736,2018/9/8 11:10
╣з1205уб у╫╣ь╥Гтф,3849,2018/9/9 13:41
╣з1206уб ╟Кб╥у╙лрвс,2128,2018/9/10 15:31
╣з1207уб йю╣юц╩дгц╢╨з╟╣,2265,2018/9/10 15:32
╣з1208уб нчкЫн╥╬Е,5611,2018/9/11 20:32
╣з1209уб х╚╡©╦и╣Т,4812,2018/9/12 1:45
╣з1210уб и╠нчиБ,4391,2018/9/12 23:30
╣з1211уб дК╠╛,3101,2018/9/13 22:14
╣з1212уб ╦╟╩А,3274,2018/9/14 2:24
╣з1213уб гЮрТоивс,3209,2018/9/15 23:38
╣з1214уб ЁЧжу╪╚,3304,2018/9/15 23:49
╣з1215уб ╢СеГвс,2117,2018/9/18 12:40
╣з1216уб бЗЁ║╤╪йг╢С╬к╦Г,2175,2018/9/18 12:41
╣з1217уб фф╩╣а╙рЖ,2389,2018/9/18 12:54
╣з1218уб бж╩ьб╥ио╣д©лвж,2158,2018/9/18 13:06
╣з1219уб йю╪Дк╜╦рЁфвНё©н╗нр,3152,2018/9/19 21:48
╣з1220уб к╜дэ╣╡нр,3411,2018/9/20 0:04
╣з1221уб ╣╡╡╩в║╣д╫З╫вж╝б╥,2466,2018/9/20 1:34
╣з1222уб вНг©лЕ,3137,2018/9/21 1:47
╣з1123уб ю╢╤Ь╡╩мЫ╥гюЯр╡,3722,2018/9/21 11:41
╣з1224уб к╜©╟р╩у╫ё©,3452,2018/9/22 10:21
╣з1225уб юМбшжп╣днчиЗб╥,3293,2018/9/22 11:47
╣з1226уб ЁЧхкмУми╠Д,3111,2018/9/24 19:49
╣з1227уб иМн╙╤╕ё╛╩Йн╙р╘,3170,2018/9/24 21:35
╣з1228уб ╢СифхкЁЧ,3152,2018/9/25 0:27
╣з1229уб ЁЧ╥Г╣др╩х╨юоуихк,3443,2018/9/25 23:39
╣з1230уб ╦В╥╫жУд©,3480,2018/9/26 2:41
╣з1231уб ртр╩╣пх╨й╔,3415,2018/9/27 1:28
╣з1232уб ╡э╡╩╟э,3670,2018/9/27 19:40
╣з1233уб ╤и╫ы,3735,2018/9/30 1:15
╣з1234уб ╢Сй╔,3020,2018/9/30 2:20
╣з1235уб вФвз╪╤╫оа©,4034,2018/10/1 3:52
╣з1236уб ╡╩оКх╒е╝лЛвП╣д╡э╣б╡╩йг╨ц╡э╣б,3378,2018/10/1 11:00
╣з1237уб сШйум╫,3091,2018/10/3 11:22
╣з1238уб х╚╡©Ёт╣Т,3796,2018/10/3 11:24
╣з1239уб уШ╦Жхк╤╪╡╩╨цак,3220,2018/10/4 0:05
╣з1240уб ╬╙лЛ╨ю╤д,2784,2018/10/4 22:26
╣з1241уб ╧йхкфКож,2493,2018/10/4 22:45
╣з1242уб ╡э╨зпд,4504,2018/10/5 17:24
╣з1243уб нб╬фуРх╨пш,4793,2018/10/6 11:10
╣з1244уб ╨збл╨збл╣д,2292,2018/10/7 10:23
╣з1245уб л╚йэ╩╤с╜ак,3782,2018/10/8 3:48
╣з1246уб иЯ╩╟Ёин╙сЁЁд,3851,2018/10/8 21:57
╣з1247уб ╢╚к╣жп╣д╢Сй╔╥Г╡и,4518,2018/10/9 22:39
╣з1248уб ж╩иМи╗жНй╔,3484,2018/10/10 23:05
╣з1249уб сбцмнч╣п,3405,2018/10/11 12:16
╣з1250уб х╨пшыИ╥Э╫еоб,3785,2018/10/12 1:39
╣з1251уб кфтЬоЮй╤яЮ╧Ию╢,3771,2018/10/12 21:11
╣з1252уб нД╥Хвср╩бЖ,3675,2018/10/13 0:18
╣з1253уб ЁалЛ,4638,2018/10/13 22:52
╣з1254уб ╧Б╩т╡сюц,3629,2018/10/14 2:01
╣з1255уб ╥О╩кфЭя╙,2474,2018/10/15 10:51
╣з1256уб сШмю╢Сй╔,3484,2018/10/15 11:34
╣з1257уб иЯ╩╟╢Сй╔╬Жу╫,3813,2018/10/15 22:32
╣з1258уб цНйУ╬╙лЛ,3830,2018/10/16 21:53
╣з1259уб ╩ЁрихкиЗ,2057,2018/10/17 10:37
╣з1260уб Ё╛╥╡╬Ьйю,2389,2018/10/17 10:55
╣з1261уб ╨А╩ВиЯ╩╟,3141,2018/10/18 0:04
╣з1262уб нД╥Хвсожйю,3229,2018/10/18 20:54
╣з1263уб ╡э_,3124,2018/10/19 20:58
╣з1264уб _вж╠╡╡╩въак,3899,2018/10/20 19:38
╣з1265уб ╧йхкжь╥Й,4831,2018/10/20 23:09
╣з1266уб лЛоб╣зр╩,4102,2018/10/21 23:16
╣з1267уб гИ©Жнё╪╠,3135,2018/10/22 23:35
╣з1268уб ╩ь╪р,2750,2018/10/22 23:51
╣з1269уб пд╬╙хБлЬ,3532,2018/10/23 23:21
╣з1270уб лЛме,3526,2018/10/24 0:44
╣з1271уб ЁЖи╫╟иё╛╤╪йг╢СЁ╓мхё║,3031,2018/10/24 23:30
╣з1272уб ©иебуФоЮсКЁЖи╫,4293,2018/10/25 19:52
╣з1273уб ╢СЁ╓мхх╚╤╪ц╚ак,3842,2018/10/25 23:43
╣з1274уб к╜╤╪йэ╡╩в║,3525,2018/10/26 22:40
╣з1275уб дгр╩лЛ╣╫ю╢й╠╣д╬ЯтЯ,3122,2018/10/27 0:55
╣з1276уб юовФё╛дЦр╙╪Аг©ё║,3703,2018/10/27 23:57
╣з1277уб ╬╡╬╡╣ь©╢дЦв╟╣╫╠ююё,3427,2018/10/28 13:23
╣з1278уб ╤т╬©╪╚о╣х╚цФ©╙у╫,3771,2018/10/29 0:44
╣з1279уб ╩с╣╤вт╧╛,2362,2018/10/29 13:06
╣з1280уб ╨╒вскШдО,3033,2018/10/31 12:22
╣з1281уб спгИнчгИ,2446,2018/10/31 18:22
╣з1282уб ╤ЧвФЁЖ╧ьё╛вофЬдою╢,3459,2018/10/31 23:59
╣з1283уб ╤ЧвФхБуФоЦ,4382,2018/11/1 13:47
╣з1284уб сжр╩╢нцШ╤╞лЛоб,2176,2018/11/2 1:23
╣з1285уб ╬ыйюжУд©ё╛нД╥Хвс╦╢куё║,3966,2018/11/2 21:39
╣з1286уб ╬е╨еVSнД╥Хвсё║,3375,2018/11/3 0:51
╣з1287уб ╫Э╧евНг©ж╝у╫ё║,2391,2018/11/3 23:32
╣з1288уб юХ_йгдЦбПё©,3209,2018/11/4 13:15
╣з1289уб 9╨е©чак,4638,2018/11/4 23:29
╣з1290уб ЁЖ╢Сйб╤Ыак,3547,2018/11/5 14:15
╣з1291уб яТ╪Д╥Гтф╪╓╣╢,3931,2018/11/6 0:06
╣з1292уб ╧А╢╘кд╦Ж╪мт╙,4641,2018/11/6 15:16
╣з1293уб м╥ф╓╥╒бИ,3694,2018/11/7 1:09
╣з1294уб ╥е╥ивтнр,3419,2018/11/7 21:34
╣з1295уб ╣╠╢╚к╣жпдгхкря╠╩ремЭй╠,4009,2018/11/8 1:49
╣з1296уб к╜тзЁфнч╣пё©,3542,2018/11/8 23:39
╣з1297уб дд╦Ж╦рят╡╩╟э,2106,2018/11/9 13:09
╣з1298уб кми╔,2709,2018/11/10 0:54
╣з1299уб р╩╫ёу╤╤омР╧е,3152,2018/11/10 1:24
╣з1300уб р╩сОЁизъ,3611,2018/11/11 1:02
╣з1301уб ╤╪йг╢С©с,3694,2018/11/11 13:28
╣з1302уб ╬ыйю╫туП,3484,2018/11/14 11:18
╣з1303уб нрйгк╜,2687,2018/11/14 11:29
╣з1304уб а╛╣зр╩и╫╤╪╪и╣╛╣д╣ь╥╫,3444,2018/11/16 0:40
╣з1305уб р╩╥Ы╟ъ╡╣╩╜╬М╧А╢╘╧е╫Я,3396,2018/11/16 13:18
╣з1306уб ╩╧сплЛж╝ио,2840,2018/11/18 22:49
╣з1307уб м╜╧вжптАвек╜,3932,2018/11/19 0:38
╣з1308уб ев╥РфЗвс,3143,2018/11/21 22:31
╣з1309уб яЩяЩрт╪╟хЩ©ежжвс╣дю╢юЗ,3913,2018/11/24 7:10
╣з1310уб мРнОд╦фЬ,3935,2018/11/24 23:23
╣з1311уб цыйЁуъати╠бж╩ь,3702,2018/11/27 22:42
╣з1312уб хЩиЗр╘,2449,2018/11/28 0:49
╣з1313уб ╬ыйюм╛╪ю,3484,2018/11/30 10:29