第一百九十三章 同姓不同命,8,2018/1/1 23:56
第一百九十四章 降妖和除魔,1,2018/1/2 22:35
第一百九十五章 镇剑楼,1,2018/1/3 21:36
第二百三十三章 尘埃落定,10,2018/2/22 22:33
第二百三十四章 夜宿古寺有妖气,10,2018/2/23 21:41
第二百六十三章 一道符,15,2018/3/29 21:06
第二百六十四章 大道之上,15,2018/3/31 23:59
第二百六十五章 大师兄姓左,20,2018/4/1 23:36
第二百六十六章 磨损心中万古刀,20,2018/4/2 23:55
第三百零九章 围杀之局,2,2018/5/29 22:12
第三百一十章 刺杀,48,2018/5/31 19:21
第三百一十一章 人外有人,55,2018/6/1 23:58
第三百一十二章 变故,5,2018/6/5 23:53
第三百四十八章 有些想你了,30,2018/7/29 23:59
第349章 埋河封正，武庙借刀，白猿背剑,30,2018/7/30 20:12
第三百五十章 白猿拖刀，君子一言,10,2018/7/31 23:55
第三百五十一章 明年十一,40,2018/8/1 23:59
第三百五十二章 祖师堂牌，头顶月光,40,2018/8/2 23:51
第三百九十九章 礼物,45,2018/9/28 21:41
第四百章 远游北归,45,2018/9/30 20:26
第四百零一章 小师叔和小姑娘,40,2018/10/1 18:29
第四百零二章 在书院,60,2018/10/2 19:26
第四百零三章  拜访,0,2018/10/3 20:29
第四百四十四章 世间人事皆芥子,10,2018/11/25 23:43
第四百四十五章 炭笼火炉寒人心,100,2018/11/26 23:35