第四百一十四章 石像,3317,2018-01-01 12:00:00
第四百一十五章 诗画双绝,3218,2018-01-01 19:55:00
第四百一十六章 人皇印出,3188,2018-01-02 11:50:00
第四百一十七章 大恐怖,3118,2018-01-02 20:00:32
第四百一十八章 震鼎,3252,2018-01-03 12:01:01
第四百一十九章 老东西们,3228,2018-01-03 19:50:00
第四百二十章 黑暗中的绝响,3288,2018-01-04 11:57:43
第四百二十一章 阻击上苍,3225,2018-01-04 19:49:20
第四百二十二章 幽都酆都,3205,2018-01-05 11:49:20
第四百二十三章 熔岩森林,3222,2018-01-06 20:21:44
第四百二十四章 舍利子,3372,2018-01-07 12:11:31
第四百二十五章 战神，永不服老,3297,2018-01-07 18:00:32
第四百二十六章 奈何桥上（第三更！）,3184,2018-01-07 20:19:17
第四百二十七章 一脉相承（第一更！）,3366,2018-01-08 12:01:35
第四百二十八章 威逼利诱,3648,2018-01-08 18:46:06
第四百二十九章 医者父母心（第三更！）,3240,2018-01-08 21:07:04
第四百三十章 北帝神兵,3218,2018-01-09 12:05:03
第四百三十一章 煮熟鸭子,3552,2018-01-09 20:12:58
第四百三十二章 诡异来袭,3676,2018-01-10 11:50:00
第四百三十三章 异域接触,3040,2018-01-10 20:09:35
第四百三十四章 天地奇观,3286,2018-01-11 19:51:36
第四百三十五章 恰似燕归来,3198,2018-01-11 20:06:15
第四百三十六章 替死,3147,2018-01-12 12:13:36
第四百三十七章 大刀,3228,2018-01-12 20:14:52
第四百三十八章 孽缠身,3189,2018-01-13 12:18:34
第四百三十九章 心即地狱,3112,2018-01-13 20:12:33
第四百四十章 虚空生花,3073,2018-01-14 12:12:46
第四百四十一章 火焰沙漠,3285,2018-01-14 20:20:53
第四百四十二章 大漠游龙,3552,2018-01-15 11:59:38
第四百四十三章 诡谲西土,3353,2018-01-15 19:56:42
第四百四十四章 克星,3371,2018-01-16 11:50:00
第四百四十五章 夜袭,3358,2018-01-16 19:50:00
第四百四十六章 箱子上的少女,3597,2018-01-17 11:50:00
第四百四十七章 一表人才,3423,2018-01-17 19:50:00
第四百四十八章 祖师后人,3163,2018-01-18 11:50:00
第四百四十九章 大铜钟,3109,2018-01-18 19:50:00
第四百五十章 陆地飞城,3106,2018-01-19 11:50:00
第四百五十一章 第十八式,3243,2018-01-19 19:50:00
第四百五十二章 西土阵师,3394,2018-01-20 19:39:28
第四百五十三章 魔教主之威,3302,2018-01-20 22:15:37
第四百五十四章 乱花渐欲迷人眼,3250,2018-01-21 12:06:36
第四百五十五章 阵师手段,3407,2018-01-21 20:04:11
第四百五十六章 老阴货,3160,2018-01-22 12:27:04
第四百五十七章 神葬谷柳家,3558,2018-01-22 20:08:44
第四百五十八章 翻手为云覆手雨,3410,2018-01-23 12:04:33
第四百五十九章 雷山城斗法,3179,2018-01-23 20:18:59
第四百六十章 槐花几时开,3905,2018-01-24 19:55:56
第四百六十一章 相思，勿忘我,3222,2018-01-24 20:05:11
第四百六十二章 剑法极限,3086,2018-01-25 12:07:04
第四百六十三章 剑法与剑伤,3155,2018-01-25 20:17:07
第四百六十四章 修罗战场,3200,2018-01-26 12:20:02
第四百六十五章 雷动西土,3745,2018-01-26 20:08:32
第四百六十六章 老阴货,3346,2018-01-27 20:03:48
第四百六十七章 天宫,3669,2018-01-28 11:52:14
第四百六十八章 天庭盛宴,3295,2018-01-28 18:26:41
第四百六十九章 千夫束手何敢向,3255,2018-01-28 20:44:48
第四百七十章 真天老母,3266,2018-01-29 12:10:49
第四百七十一章 破绽,3242,2018-01-29 20:23:52
第四百七十二章 碾压,3083,2018-01-30 12:03:35
第四百七十三章 镜中人生,3225,2018-01-30 19:58:40
第四百七十四章 邪恶存在,3353,2018-01-31 19:56:49
第四百七十五章 鬼胎暗结,3121,2018-01-31 20:57:50
第四百七十六章 大漠红海霞光起,3128,2018-02-01 12:02:11
第四百七十七章 境界合一,3253,2018-02-01 20:06:44
第四百七十八章 隗巫神拜魂,3294,2018-02-02 12:18:32
第四百七十九章 生死簿,3117,2018-02-02 20:09:30
第四百八十章 人生何处不相逢,3582,2018-02-03 12:26:17
第四百八十一章 佛界二十重天,3224,2018-02-03 20:20:52
第四百八十二章 金顶斗法,3155,2018-02-04 12:13:03
第四百八十三章 黑心,3309,2018-02-04 20:07:25
第四百八十四章 重叠世界,3326,2018-02-05 12:04:09
第四百八十五章 北落师门,3348,2018-02-05 20:10:25
第四百八十六章 铁血岁月,3518,2018-02-06 12:09:08
第四百八十七章 当我们进入历史,3668,2018-02-06 20:25:39
第四百八十八章 当我们成为历史,3613,2018-02-07 12:13:05
第四百八十九章 人命大于天,3545,2018-02-07 20:30:03
第四百九十章 暗箱争斗,4024,2018-02-08 12:37:53
第四百九十一章 断臂之仇,3626,2018-02-08 19:57:54
第四百九十二章 当我们成就历史,3888,2018-02-09 11:50:00
第四百九十三章 刻碑留字,3413,2018-02-09 19:50:00
第四百九十四章 上皇余孽,3645,2018-02-10 11:50:00
第四百九十五章 人算不如天算,4225,2018-02-10 19:50:00
第四百九十六章 生死一座碑,3670,2018-02-11 11:50:00
第四百九十七章 有神赤秀,3174,2018-02-11 19:50:00
第四百九十八章 酆都秦王殿,3662,2018-02-12 11:50:00
第四百九十九章 杀人诛心秦教主,3181,2018-02-12 19:50:00
第五百章 酆都小霸王,3605,2018-02-13 11:49:25
第五百零一章 打爆师祖,3545,2018-02-13 19:47:15
第五百零二章 打爆祖师们,3868,2018-02-14 11:51:11
第五百零三章 霸体的传说,3672,2018-02-14 19:44:28
第五百零四章 一脉相承,3657,2018-02-15 11:50:00
第五百零五章 蕞尔老贼，不堪一击,4177,2018-02-15 19:50:57
第五百零六章 圣师（狗年大吉！）,3783,2018-02-16 11:54:02
第五百零七章 发振聋之问,3123,2018-02-16 19:50:00
第五百零八章 幽都神子,3150,2018-02-17 11:50:00
第五百零九章 大恐怖,3355,2018-02-17 23:18:26
第五百一十章 财迷心窍,3339,2018-02-18 12:03:32
第五百一十一章 幽都陆离,3291,2018-02-18 20:10:06
第五百一十二章 黑暗少女,3791,2018-02-19 11:55:48
第五百一十三章 献祭原理解析,3237,2018-02-19 20:02:17
第五百一十四章 第一次元神会议,3785,2018-02-20 12:12:36
第五百一十五章 分炙烹鱼龙，暗夜星来访,3902,2018-02-20 19:56:23
第五百一十六章 胁迫,3326,2018-02-21 11:59:49
第五百一十七章 财迷心窍,3216,2018-02-21 20:10:28
第五百一十八章 星犴盘查,3272,2018-02-22 12:04:23
第五百一十九章 村长回城,3304,2018-02-22 20:07:45
第五百二十章 人皇殿祭祖,3537,2018-02-23 12:01:33
第五百二十一章 初祖人皇,3233,2018-02-23 20:09:39
第五百二十二章 我行！,3704,2018-02-24 12:11:51
第五百二十三章 原谅,3699,2018-02-24 20:08:40
第五百二十四章 小玉京求道,3514,2018-02-25 12:00:46
第五百二十五章 黑暗异世界,3541,2018-02-25 20:11:19
第五百二十六章 降临,3581,2018-02-26 12:05:19
第五百二十七章 战场神通,3251,2018-02-26 20:02:40
第五百二十八章 辫子女孩与黑影男孩,3602,2018-02-27 12:09:17
第五百二十九章 太皇天造日,3275,2018-02-27 19:45:11
第五百三十章 美人如玉剑如虹,3199,2018-02-28 12:14:26
第五百三十一章 一劫剑,3149,2018-02-28 19:50:52
第五百三十二章 临阵打铁（第一更求月票！）,3407,2018-03-01 00:00:00
第五百三十三章 刀中称神（第二更！）,3631,2018-03-01 18:00:00
第五百三十四章 硬石头（第三更，求月票！）,3218,2018-03-01 20:02:37
第五百三十五章 黑如铁（第一更！）,3189,2018-03-02 00:00:00
第五百三十六章 黑心如魔（第二更！）,3243,2018-03-02 12:04:14
第五百三十七章 太皇天第一乌鸦嘴（第三更！）,3201,2018-03-02 19:55:00
第五百三十八章 骑虎难下（第一更！）,3565,2018-03-03 00:00:00
第五百三十九章 兄弟情（第二更！）,3342,2018-03-03 12:03:00
第五百四十章 你我有缘（第三更！）,3298,2018-03-03 19:58:25
第五百四十一章 变脸神功,3239,2018-03-04 00:00:00
第五百四十二章 合乎天道（第二更！）,3289,2018-03-04 12:07:07
第五百四十三章 灵能对迁桥（第三更！）,3270,2018-03-04 20:00:55
第五百四十四章 灰飞烟灭（第一更！）,4077,2018-03-05 00:00:00
第五百四十五章 保持笑容（第二更！）,3137,2018-03-05 11:59:37
第五百四十六章 两界互通,3351,2018-03-05 20:02:06
第五百四十七章 秦牧的梦魇（第一更~）,3839,2018-03-06 00:00:00
第五百四十八章 火中的缚日罗（第二更！）,3380,2018-03-06 12:04:32
第五百四十九章 人话、鬼话与魔话（第三更！）,3597,2018-03-06 20:06:15
第五百五十章 魔性失控（第一更！）,3306,2018-03-07 00:00:00
第五百五十一章 龙胖，黑虎与狐狸（第二更！）,3271,2018-03-07 12:06:47
第五百五十二章 不祥之地（第三更！）,3274,2018-03-07 20:03:40
第五百五十三章 唤醒死者,3107,2018-03-08 12:03:38
第五百五十四章 人生巅峰,3553,2018-03-08 20:06:21
第五百五十五章 拨开云雾见天日,3193,2018-03-09 12:25:40
第五百五十六章 霸体初成,3551,2018-03-09 20:13:28
第五百五十七章 撒点野，下点毒（第一更！）,3208,2018-03-10 00:01:20
第五百五十八章 月半虎尊（第二更！）,3138,2018-03-10 12:04:36
第五百五十九章 神算（第三更！）,3298,2018-03-10 20:00:05
第五百六十章 幽都阴差（第一更）,3319,2018-03-11 00:00:00
第五百六十一章 被流放的婴孩（第二更！）,3384,2018-03-11 12:02:53
第五百六十二章 防不胜防（第三更！）,3273,2018-03-11 20:05:30
第五百六十三章 黑暗历史,3528,2018-03-12 11:59:45
第五百六十四章 幽都小霸王,4095,2018-03-12 19:59:21
第五百六十五章 镜子中的秦牧,3196,2018-03-13 11:59:53
第五百六十六章 十里星沙劫阵,3564,2018-03-13 20:24:37
第五百六十七章 大师兄擒龙,3825,2018-03-14 12:00:32
第五百六十八章 天门斩神龙,3152,2018-03-14 20:07:54
第五百六十九章 帝碟之主,3310,2018-03-15 12:07:30
第五百七十章 远古兵符,3051,2018-03-15 20:01:26
第五百七十一章 祖龙太玄功（第一更，月中求月票！）,3662,2018-03-16 00:01:44
第五百七十二章 他乡遇故知（第二更！）,3190,2018-03-16 12:03:01
第五百七十三章 陆离降临（第三更！）,3202,2018-03-16 20:19:25
第五百七十四章 奸细,3591,2018-03-17 14:27:00
第五百七十五章 教主的怪人朋友们,3258,2018-03-17 19:59:19
第五百七十六章 我叫猹,3102,2018-03-18 12:02:06
第五百七十七章 傻狍子们,3746,2018-03-18 20:20:15
第五百七十八章 雄狍脚扑朔，雌狍眼迷离,4403,2018-03-19 11:50:00
第五百七十九章 来路不正,3186,2018-03-19 19:50:00
第五百八十章 帝座玄功（第三更求月票！）,3340,2018-03-19 21:58:45
第五百八十一章 魔族霸体,3152,2018-03-20 12:00:55
第五百八十二章 黑暗缔造者,3248,2018-03-20 20:09:41
第五百八十三章 第三只眼开启,3549,2018-03-21 12:06:29
第五百八十四章 无妄城的末日,3161,2018-03-21 20:03:38
第五百八十五章 仇家（第三更！求月票！）,3275,2018-03-21 22:58:24
第五百八十六章 以笔画江山,3063,2018-03-22 12:04:41
第五百八十七章 词倾河汉老书生,3107,2018-03-22 19:59:56
第五百八十八章 虚虚实实,3243,2018-03-23 12:06:55
第五百八十九章 你再说一遍,3554,2018-03-23 20:05:48
第五百九十章 齐公子九嶷,3365,2018-03-24 12:05:42
第五百九十一章 天刀九法,3288,2018-03-24 20:12:43
第五百九十二章 危险的气息（第三更！）,3177,2018-03-24 23:53:04
第五百九十三章 九凤栖苍梧,3303,2018-03-25 12:35:37
第五百九十四章 怎么会这样,3129,2018-03-25 20:04:58
第五百九十五章 人畜无害的笑容,3150,2018-03-26 12:04:34
第五百九十六章 血祭罗浮天,3345,2018-03-26 20:07:35
第五百九十七章 眼中的缚日罗,3553,2018-03-27 12:09:08
第五百九十八章 知恩图报,3281,2018-03-27 20:04:33
第五百九十九章 神通（第一更！）,3397,2018-03-28 00:00:00
第六百章 凋零的老兵（第二更！）,3163,2018-03-28 12:06:22
第六百零一章 司婆婆的小鞋（第三更！）,3184,2018-03-28 20:05:54
第六百零二章 一双绣花鞋（第一更！）,3366,2018-03-29 11:57:41
第六百零三章 拖死（第二更！）,3178,2018-03-29 12:02:27
第六百零四章 元磁飓风（第三更！）,3296,2018-03-29 20:18:51
第六百零五章 大周天星斗术数,3867,2018-03-30 11:50:00
第六百零六章 赤明干尸,3765,2018-03-30 18:53:43
第六百零七章 斩神玄刀,3198,2018-03-31 11:50:00
第六百零八章 如法炮制,3261,2018-03-31 19:50:00
第六百零九章 烫手山芋（四月第一更，求保底月票！）,3644,2018-04-01 00:00:00
第六百一十章 打开匣子（第二更！）,3314,2018-04-01 11:50:00
第六百一十一章 良师与佳徒（第三更！）,3200,2018-04-01 19:53:01
第六百一十二章 传圣两万年,3357,2018-04-02 11:50:00
第六百一十三章 仇恨难解,3060,2018-04-02 20:03:08
第六百一十四章 暮色中的光树银花,3267,2018-04-03 11:50:00
第六百一十五章 佛法无双,3273,2018-04-03 19:54:10
第六百一十六章 下马威,3307,2018-04-04 12:01:41
第六百一十七章 月光太子,3505,2018-04-04 20:05:57
第六百一十八章 大梵天王佛,3705,2018-04-05 11:50:00
第六百一十九章 第三只眼，开,3150,2018-04-05 19:59:07
第六百二十章 杀心难止,3558,2018-04-06 12:05:07
第六百二十一章 佛界无剑,3257,2018-04-06 20:06:45
第六百二十二章 三眼神威,3648,2018-04-07 11:57:16
第六百二十三章 吾身所立，即是幽都,3918,2018-04-07 19:59:13
第六百二十四章 帝释天的屎盆子,3288,2018-04-08 11:51:35
第六百二十五章 帝释天王经,3252,2018-04-08 20:00:50
第六百二十六章 琴音索命,3036,2018-04-09 12:04:52
第六百二十七章 跨界追杀,3311,2018-04-09 20:09:37
第六百二十八章 凤求凰,3505,2018-04-10 12:04:49
第六百二十九章 黑暗地心,3092,2018-04-10 20:07:15
第六百三十章 缸中的头颅,3704,2018-04-11 11:50:45
第六百三十一章 再遇初祖,3217,2018-04-11 19:50:13
第六百三十二章 打穿人皇殿,3343,2018-04-12 11:54:53
第六百三十三章 秦牧的不屑,3561,2018-04-12 20:14:39
第六百三十四章 心血传承两万年,3760,2018-04-13 11:59:45
第六百三十五章 南海变种,3238,2018-04-13 20:00:10
第六百三十六章 造化神环,4099,2018-04-14 11:50:55
第六百三十七章 打上三百层,3228,2018-04-14 20:12:49
第六百三十八章 服服帖帖,3205,2018-04-15 11:49:14
第六百三十九章 穷疯了,3193,2018-04-15 20:07:52
第六百四十章 黯然神伤,3748,2018-04-16 11:57:10
第六百四十一章 神轮之威,3607,2018-04-16 20:07:10
第六百四十二章 风格残暴,3077,2018-04-17 12:07:45
第六百四十三章 天公玄都,4083,2018-04-17 19:50:00
第六百四十四章 落入封印的天公,3273,2018-04-18 11:57:01
第六百四十五章 大破火鸦阵,3334,2018-04-18 19:54:36
第六百四十六章 星君迷局（第一更！）,3362,2018-04-19 11:50:00
第六百四十七章 苍天倾覆地维绝（第二更！）,3636,2018-04-19 17:26:46
第六百四十八章 敌我难分（第三更求月票！）,3183,2018-04-19 19:50:00
第六百四十九章 秦牧的大眼怪,4027,2018-04-20 11:50:00
第六百五十章 上皇隐秘,3309,2018-04-20 20:00:02
第六百五十一章 悬空界,3178,2018-04-21 11:50:00
第六百五十二章 下马威,4086,2018-04-21 20:13:03
第六百五十三章 隔空斗智,3530,2018-04-22 11:58:44
第六百五十四章 绝对无敌（四千字大章！）,4028,2018-04-22 20:01:29
第六百五十五章 众志成城（大章！）,4085,2018-04-23 11:50:00
第六百五十六章 赤皇之脑,3700,2018-04-23 20:16:22
第六百五十七章 被封印的赤皇,3904,2018-04-24 11:49:40
第六百五十八章 魔王破封（求订阅）,3596,2018-04-24 19:50:07
第六百五十九章 三元神不灭神识,4176,2018-04-25 11:50:00
第六百六十章 秦牧魔化,3587,2018-04-25 19:55:02
第六百六十一章 这不是我的龙胖,4058,2018-04-26 12:03:02
第六百六十二章 秦牧传功,3114,2018-04-26 20:04:47
第六百六十三章 龙胖蜕变,3971,2018-04-27 11:51:20
第六百六十四章 冥都来客,3599,2018-04-27 19:50:00
第六百六十五章 霸体风云（双倍月票到了！）,3674,2018-04-28 00:00:00
第六百六十六章 你被我看破了（第二更！）,4271,2018-04-28 11:50:00
第六百六十七章 冥都生死簿（第三更！）,4229,2018-04-28 19:57:26
第六百六十八章 受创的缚日罗,4135,2018-04-29 11:50:00
第六百六十九章 道义为之根,3287,2018-04-29 19:57:49
第六百七十章 术数的魅力,4057,2018-04-30 11:50:00
第六百七十一章 骸骨报恩,3571,2018-04-30 19:50:00
第六百七十二章 剑神一笑（第三更！）,3302,2018-04-30 22:48:28
第六百七十三章 功劳大于天,3724,2018-05-01 11:48:24
第六百七十四章 太皇天坠落,3591,2018-05-01 20:02:17
第六百七十五章 天庭雏形,3280,2018-05-02 12:03:18
第六百七十六章 寒潭垂钓翁,3560,2018-05-02 19:50:00
第六百七十七章 钓太阳栓太阳,3719,2018-05-03 11:52:03
第六百七十八章 神族大退化,3712,2018-05-03 19:50:00
第六百七十九章 再遇府君,3211,2018-05-04 11:50:00
第六百八十章 黑暗源头,3773,2018-05-04 19:50:00
第六百八十一章 天阴界碑,3191,2018-05-05 11:50:00
第六百八十二章 天阴界，快活乡,3335,2018-05-05 19:50:00
第六百八十三章 阴天子,3331,2018-05-06 11:50:00
第六百八十四章 撒点野,3197,2018-05-06 19:50:00
第六百八十五章 一拜就死,3390,2018-05-07 11:50:00
第六百八十六章 天阴娘娘,3279,2018-05-07 19:50:00
第六百八十七章 复活天阴,3262,2018-05-08 11:50:00
第六百八十八章 大法师,3335,2018-05-08 19:50:00
第六百八十九章 天火,3647,2018-05-09 11:50:00
第六百九十章 阴天子来袭,3159,2018-05-09 19:50:00
第六百九十一章 两强斗法,3322,2018-05-10 11:50:00
第六百九十二章 智者齐聚,3605,2018-05-10 19:50:00
第六百九十三章 最聪明的人,3365,2018-05-11 11:50:00
第六百九十四章 巨人的肩膀,3389,2018-05-11 19:50:00
第六百九十六章 天火大道,3589,2018-05-12 11:50:00
第六百九十七章 刀中镜像,3689,2018-05-12 19:50:00
第六百九十八章 无尽虚空（求订阅！）,3745,2018-05-13 11:56:05
第六百九十九章 帝阙神刀,3516,2018-05-13 20:06:09
第七百章 土伯的忘年交,3719,2018-05-14 11:50:00
第七百零一章 冥都天王与阴天子,3268,2018-05-14 19:50:00
第七百零二章 代为受过,3296,2018-05-15 11:50:00
第七百零三章 石像复苏,3350,2018-05-15 19:50:00
第七百零四章 死城,3295,2018-05-16 11:50:00
第七百零五章 明月正圆,4074,2018-05-16 19:50:00
第七百零六章 天公玩火,4112,2018-05-17 11:50:00
第七百零七章 秦牧魔化,3740,2018-05-17 19:50:00
第七百零八章 土伯之力,3647,2018-05-18 11:50:00
第七百零九章 奇袭阴天子,3618,2018-05-18 19:50:00
第七百一十章 冰棺中的新娘,3605,2018-05-19 11:50:00
第七百一十一章 圣人弟子,3273,2018-05-19 19:50:00
第七百一十二章 天下第一,3146,2018-05-20 11:50:00
第七百一十三章 老好先生与灭世魔王,3109,2018-05-20 19:50:00
第七百一十四章 最有魅力的人,3706,2018-05-21 11:50:00
第七百一十五章 变法者的魅力,3598,2018-05-21 19:50:00
第七百一十六章 南帝的颜面,3869,2018-05-22 11:49:16
第七百一十七章 君臣一体,3273,2018-05-22 20:05:14
第七百一十八章 老牛,3820,2018-05-23 11:54:53
第七百一十九章 阴沟里翻船,3104,2018-05-23 19:53:34
第七百二十章 以武修神,3535,2018-05-24 12:22:29
第七百二十一章 丹青难写是精神,3141,2018-05-24 20:06:00
第七百二十二章 武魂上身,4079,2018-05-25 12:03:35
第七百二十三章 飒沓如流星,3274,2018-05-25 19:50:26
第七百二十四章 以武入道,3417,2018-05-26 11:50:00
第七百二十五章 传说中的霸体,3608,2018-05-26 19:50:00
第七百二十六章 天外奇峰千掌回,3277,2018-05-27 11:50:00
第七百二十七章 武圣,3440,2018-05-27 19:50:00
第七百二十八章 天师的往事,3270,2018-05-28 12:04:33
第七百二十九章 建木先天神桥,3152,2018-05-28 19:52:53
第七百三十章 不逊于我,3612,2018-05-29 12:01:08
第七百三十一章 最诡异之地,3522,2018-05-29 20:08:33
第七百三十二章 远古的天庭,3319,2018-05-30 11:50:19
第七百三十三章 改头换面,3606,2018-05-30 19:59:48
第七百三十一章 话不投机,3760,2018-05-31 12:01:41
第七百三十五章 瑶池七天尊,3652,2018-05-31 20:06:05
第七百三十六章 远古的天才们,3942,2018-06-01 11:50:00
第七百三十七章 与神等同,3664,2018-06-01 19:54:52
第七百三十八章 秦牧与开皇的碰撞（求月票！）,4075,2018-06-02 11:57:38
第七百三十九章 大闹天庭,3675,2018-06-02 19:51:36
第七百四十章 笑中带哭幽天尊,3563,2018-06-03 11:50:00
第七百四十一章 瑶池之变,3795,2018-06-03 19:52:34
第七百四十二章 御天尊之死,4248,2018-06-04 11:58:56
第七百四十三章 死者复生,3579,2018-06-04 20:01:35
第七百四十四章 辟天宫,3620,2018-06-05 11:50:00
第七百四十五章 青衫磊落少年行,3593,2018-06-05 19:50:00
第七百四十六章 海上剑如龙,3753,2018-06-06 12:06:32
第七百四十七章 剑十九式,3316,2018-06-06 20:05:07
第七百四十八章 南帝,3728,2018-06-07 11:53:54
第七百四十九章 天盟的火种,3532,2018-06-07 20:05:02
第七百五十章 百万岁月尘与土,3679,2018-06-08 11:48:05
第七百五十一章 不堪回首,3265,2018-06-08 20:02:44
第七百五十二章 鬼脸面具,3754,2018-06-09 12:04:07
第七百五十三章 一诺万古轻,3823,2018-06-09 20:00:13
第七百五十四章 复生（四千字大章！）,4132,2018-06-10 12:16:26
第七百五十五章 拖油瓶御天尊,3779,2018-06-10 19:55:09
第七百五十六章 幽都往事,3666,2018-06-11 11:57:37
第七百五十七章 兄弟合体,3587,2018-06-11 20:02:21
第七百五十八章 业火功德碑,3635,2018-06-12 11:54:39
第七百五十九章 母与子,3097,2018-06-12 20:02:46
第七百六十章 义之所在（求订阅月票！）,3588,2018-06-13 11:53:19
第七百六十一章 杀生鼎，混天罗,3778,2018-06-13 20:06:49
第七百六十二章 玉锁关之战,3590,2018-06-14 12:04:07
第七百六十三章 天火焚世,3805,2018-06-14 20:17:19
第七百六十四章 真香,3637,2018-06-15 12:02:14
第七百六十五章 阿丑（四千字大章）,4231,2018-06-15 20:09:18
第七百六十六章 杀上天庭（四千字大章！）,4142,2018-06-16 12:13:18
第七百六十七章 黄雀阴天子,3670,2018-06-16 19:58:34
第七百六十八章 老阴货，小阴货,3650,2018-06-17 12:02:33
第七百六十九章 大日星君的秘密,3259,2018-06-17 20:02:16
第七百七十章 龙汉霸体,3350,2018-06-18 11:57:54
第七百七十一章 元磁地母（大章！）,4103,2018-06-18 20:06:04
第七百七十二章 偷窥狂魔,3324,2018-06-19 11:59:01
第七百七十三章 四万年岁月如歌,3571,2018-06-19 20:02:00
第七百七十四章 元磁五指山,3583,2018-06-20 12:06:16
第七百七十五章 龙丕耕田,3683,2018-06-20 20:01:25
第七百七十六章 武道大帝,3839,2018-06-21 11:59:08
第七百七十七章 局中，局外,3226,2018-06-21 19:58:05
第七百七十八章 乘驴芳草路,3615,2018-06-22 11:53:18
第七百七十九章 天下第几？,3651,2018-06-22 20:05:54
第七百八十章 百万年剑法第一,3367,2018-06-23 12:04:32
第七百八十一章 渊源,3688,2018-06-23 20:11:48
第七百八十二章 上皇九帝,3707,2018-06-24 12:02:46
第七百八十三章 地母元君,3254,2018-06-24 20:07:13
第七百八十四章 地母赐福,3671,2018-06-25 12:01:56
第七百八十五章 地元道果,4058,2018-06-25 20:07:33
第七百八十六章 排场,3791,2018-06-26 11:46:34
第七百八十七章 真假疑云,3741,2018-06-26 19:59:12
第七百八十八章 秦拆不辍,3711,2018-06-27 11:59:50
第七百八十九章 无量量劫,3421,2018-06-27 20:04:03
第七百九十章 元磁狂暴,3704,2018-06-28 11:59:38
第七百九十一章 道一,3251,2018-06-28 20:06:15
第七百九十二章 道一（月底求月票）,3168,2018-06-29 12:00:11
第七百九十二章 老子不稀罕,3706,2018-06-29 20:02:08
第七百九十三章 龙汉疑云重，鲲负女儿行,3592,2018-06-30 11:49:12
第七百九十四章 天帝之死,3741,2018-06-30 20:01:35
第七百九十五章 最终的获胜者（第三更！）,3878,2018-06-30 21:55:59
第七百九十六章 非正常人类,4265,2018-07-01 11:52:42
第七百九十七章 福兮祸兮（求保底月票！）,3610,2018-07-01 19:50:00
第七百九十八章 御天尊悟道（第三更！）,3628,2018-07-01 22:28:20
第七百九十九章 炫技,3219,2018-07-02 11:57:28
第八百章 万道之尊,3627,2018-07-02 20:05:05
第八百零一章 合乎于道,3214,2018-07-03 11:59:59
第八百零二章 大一统神藏,3164,2018-07-03 20:02:05
第八百零三章 圣王之德,3562,2018-07-04 12:00:29
第八百零四章 破古神赐福,3042,2018-07-04 20:09:39
第八百零五章 天帝赐福（大章求订阅！）,4070,2018-07-05 12:09:28
第八百零六章 天河龙王,3129,2018-07-05 20:06:02
第八百零七章 天河鬼船,3530,2018-07-06 12:03:39
第八百零八章 羽林军穿越事件,3545,2018-07-06 20:43:52
第八百零九章 船上诡事,4054,2018-07-07 11:59:33
第八百一十章 两个帝后,3287,2018-07-07 20:01:23
第八百一十一章 有女无尘,3688,2018-07-08 11:51:54
第八百一十二章 延康剑神,3335,2018-07-08 20:09:07
第八百一十三章 老江湖,3185,2018-07-09 11:51:31
第八百一十四章 不可观测,3159,2018-07-09 20:07:14
第八百一十五章 花非花雾非雾,3686,2018-07-10 11:53:26
第八百一十六章 宝马雕车香满路,4105,2018-07-10 20:01:49
第八百一十七章 神刀哲华黎,3213,2018-07-11 11:59:47
第八百一十八章 皇子之殇,3537,2018-07-11 20:01:18
第八百一十九章 一起干吧！,3780,2018-07-12 12:00:17
第八百一十九章 弑神,3904,2018-07-12 19:59:26
第八百二十章 随我征战,3646,2018-07-13 12:00:21
第八百二十一章 窃取四帝之力（大章求月）,4187,2018-07-13 20:01:20
第八百二十二章 为皇子上坟,3319,2018-07-14 12:04:03
第八百二十三章 江心月，锈铁旗,3283,2018-07-14 20:11:07
第八百二十四章 江上奉茶,3452,2018-07-15 12:01:25
第八百二十五章 道门分支,3118,2018-07-15 20:17:08
第八百二十六章 始作俑者,3236,2018-07-16 12:00:37
第八百二十七章 去杀人,3339,2018-07-16 20:03:08
第八百二十八章 霸体杀威,3560,2018-07-17 11:59:34
第八百二十九章 谁来送死,3580,2018-07-17 20:09:38
第八百三十章 道剑斩天罡,3593,2018-07-18 12:13:10
第八百三十一章 天庭图书管理员,3627,2018-07-18 20:07:08
第八百三十二章 重构天庭,3704,2018-07-19 12:05:08
第八百三十三章 道祖的天庭,4107,2018-07-19 20:04:34
第八百三十四章 好久不见,4015,2018-07-20 12:05:18
第八百三十五章 火天尊,3128,2018-07-20 20:06:42
第八百三十六章 膨胀的秦牧,3205,2018-07-21 12:01:44
第八百三十七章 剑痕,4284,2018-07-21 22:12:25
第八百三十八章 自古刁民多奇志,3773,2018-07-22 12:18:28
第八百三十九章 与君永别,3575,2018-07-22 20:02:31
第八百四十章 豢人经大成,3075,2018-07-23 12:01:29
第八百四十一章 桃园故人,3713,2018-07-23 20:13:01
第八百四十二章 秦牧吃桃,3109,2018-07-24 12:01:55
第八百四十三章 画中女子,3647,2018-07-24 20:11:59
第八百四十四章 南疆趣事,3151,2018-07-25 12:01:13
第八百四十五章 南疆龙蛇乱舞,3566,2018-07-25 20:09:46
第八百四十六章 平步青云,3267,2018-07-26 12:00:44
第八百四十七章 天尊令,3242,2018-07-26 20:04:39
第八百四十八章 堕神谷剑桥,3377,2018-07-27 12:16:42
第八百四十九章 棺中逢故人,4132,2018-07-27 19:51:51
第八百五十章 凌天尊之墓,3071,2018-07-28 12:11:51
第八百五十一章 凌天尊之死,3337,2018-07-28 20:23:46
第八百五十二章 尸妖,3576,2018-07-29 12:07:39
第八百五十三章 天龙王尸变,3529,2018-07-29 20:15:08
第八百五十四章 一剑飞天,3692,2018-07-30 12:14:08
第八百五十五章 黄雀伺蝉,3248,2018-07-30 20:02:31
第八百五十六章 天尊与天帝,3148,2018-07-31 12:03:55
第八百五十七章 天盟元老,3141,2018-07-31 20:07:47
第八百五十八章 放牧诸神（求保底月票！）,3600,2018-08-01 12:04:05
第八百五十九章 星河神藏,3583,2018-08-01 20:11:03
第八百六十章 凶威盖世,3347,2018-08-02 12:02:44
第八百六十一章 邪气凛然,3559,2018-08-02 20:03:39
第八百六十二章 一剑飘香（求月票！）,5609,2018-08-03 12:00:15
第八百六十三章 闻鸡贼,3160,2018-08-03 20:05:57
第八百六十四章 黑暗魔珈经,4675,2018-08-04 12:10:23
第八百六十五章 见山不是山，人在峰中转,3652,2018-08-04 20:11:15
第八百六十六章 不死之身,3236,2018-08-05 12:07:26
第八百六十七章 天公之子,3588,2018-08-05 19:52:34
第八百六十八章 醉心江边放牛郎,3249,2018-08-06 11:59:14
第八百六十九章 桂宫门外挽星河,3810,2018-08-06 19:56:13
第八百七十章 战争诸天,3607,2018-08-07 11:50:00
第八百七十一章 红尘入道,3584,2018-08-07 20:30:26
第八百七十二章 沧海龙吟泛歌声,3750,2018-08-08 11:50:00
第八百七十三章 龙汉劫运血苍茫,3171,2018-08-08 20:02:20
第八百七十四章 一花一世界,3706,2018-08-09 11:50:00
第八百七十五章 花中有女颜如玉,3553,2018-08-09 20:06:43
第八百七十六章 你好，魏随风,3220,2018-08-10 11:54:52
第八百七十七章 魏随风穿越,4059,2018-08-10 20:15:53
第八百七十八章 循图救我,3559,2018-08-11 12:08:10
第八百七十九章 天河故人,3531,2018-08-11 20:01:28
第八百八十章 史上最强,3745,2018-08-12 12:08:00
第八百八十一章 无力回天,3932,2018-08-12 20:09:07
第八百八十二章 为有牺牲多壮志,3721,2018-08-13 12:03:10
第八百八十三章 唯一生机,3728,2018-08-13 20:00:22
第八百八十四章 狂野八万里,3646,2018-08-14 12:08:47
第八百八十五章 万劫不灭大法师,3741,2018-08-14 20:19:47
第八百八十六章 元界大尊篇,4575,2018-08-15 12:29:33
第八百八十七章 囚笼怪人,3262,2018-08-15 20:14:42
第八百八十八章 元界残老村篇,3906,2018-08-16 12:03:36
第八百八十九章 变法的祭品,3179,2018-08-16 20:08:39
第八百九十章 黑暗将至,3581,2018-08-17 12:05:45
第八百九十一章 死得了，算我输,4056,2018-08-17 20:05:41
第八百九十二章 落后不是原罪，弱小才是,3515,2018-08-18 12:05:12
第八百九十三章 釜底抽薪,3640,2018-08-18 20:02:53
第八百九十四章 劫剑第三篇，应劫篇,3760,2018-08-19 12:16:33
第八百九十五章 宝剑出古鞘，风雨洗铅尘,3584,2018-08-19 20:10:58
第八百九十六章 延康秦霸体，龙汉牧天尊,3635,2018-08-20 12:07:18
第八百九十七章 应劫试锋芒,3565,2018-08-20 20:14:01
第八百九十八章 大狱途中逢故人,3062,2018-08-21 12:13:18
第八百九十九章 地母的年轮,3792,2018-08-21 20:04:51
第九百章 翻历史旧账,3209,2018-08-22 12:18:31
第九百零一章 元木之芯露锋芒,3661,2018-08-22 20:08:49
第九百零二章 天尊劫狱,3669,2018-08-23 11:48:00
第九百零三章 假作真时真亦假,4162,2018-08-23 19:50:00
第九百零四章 无为有时有还无,3726,2018-08-24 11:50:00
第九百零五章 西土虚生花,3705,2018-08-24 19:50:00
第九百零六章 斗志长存,3755,2018-08-25 11:50:00
第九百零七章 血锈地带,3584,2018-08-25 19:50:00
第九百零八章 三眼危机,3664,2018-08-26 11:50:00
第九百零九章 史前造物主,3604,2018-08-26 19:50:00
第九百一十章 虚空创世纪,3840,2018-08-27 11:50:00
第九百一十一章 造物主疑云,3755,2018-08-27 19:50:00
第九百一十二章 三眼异变,3643,2018-08-28 11:50:00
第九百一十三章 血色浮动暗魔生,3753,2018-08-28 19:50:00
第九百一十四章 造物主叔钧,4056,2018-08-29 11:50:00
第九百一十五章 会向瑶台月下逢,3822,2018-08-29 19:50:00
第九百一十六章 相见如初恋,3747,2018-08-30 11:50:00
第九百一十七章 路当穷处架神桥,3760,2018-08-30 19:50:00
第九百一十八章 紫气满霄汉，拳意贯长空,3694,2018-08-31 11:50:00
第九百一十九章 剑断神桥,3804,2018-08-31 19:50:00
第九百二十章 天庭变法（第一更！求保底月票！）,3811,2018-09-01 00:00:00
第九百二十一章 安得胜负手，执子落天庭（第二更，求月票！）,3699,2018-09-01 11:50:00
第九百二十二章 天庭造物主（第三更！）,3797,2018-09-01 19:50:00
第九百二十三章 撕裂天庭（第一更！）,3542,2018-09-02 00:00:00
第九百二十四章 歌舞升平（第二更！）,3704,2018-09-02 11:50:00
第九百二十五章 瘟神来了（第三更！）,3722,2018-09-02 19:50:00
第九百二十六章 琅轩神宫惨案,4064,2018-09-03 00:00:00
第九百二十七章 龙丕老祖（第二更！）,3530,2018-09-03 11:54:33
第九百二十八章 底牌暴露（第三更！）,3118,2018-09-03 20:11:41
第九百二十五章 祖王宫惨案,3812,2018-09-04 11:50:00
第九百二十六章 问道于蟾和求道于人,3649,2018-09-04 19:58:59
第九百二十七章 凝望深渊,3540,2018-09-05 12:02:42
第九百二十八章 真假牧天尊,3867,2018-09-05 20:11:13
第九百二十九章 面朝大海,3759,2018-09-06 11:50:00
第九百三十章 屠牧百法,3269,2018-09-06 20:00:33
第九百三十一章 有女怜花魂,3820,2018-09-07 11:50:00
第九百三十二章 三垣上识,3578,2018-09-07 19:58:33
第九百三十三章 牧天尊的死穴,3074,2018-09-08 11:59:29
第九百三十四章 心有所想，即为现实,3725,2018-09-08 20:01:39
第九百三十五章 洛无双的心魔,3160,2018-09-09 11:59:33
第九百三十六章 心魔乱舞,3646,2018-09-09 19:50:00
第九百三十七章 史上最强肉身,4065,2018-09-10 11:50:00
第九百三十八章 太虚尸行者,3528,2018-09-10 19:50:00
第九百三十九章 心魔天帝,3621,2018-09-11 11:50:00
第九百四十章 大剑道之美,3684,2018-09-11 19:50:00
第九百四十一章 你很不错,3841,2018-09-12 11:50:00
第九百四十二章 火天尊烙印,3816,2018-09-12 19:50:00
第九百四十三章 情深姐妹花,3642,2018-09-13 11:50:00
第九百四十四章 冷夜血雨,3580,2018-09-13 19:50:00
第九百四十五章 大、大、大！,3630,2018-09-14 11:50:00
第九百四十六章 恶道人,3638,2018-09-14 19:50:00
第九百四十七章 神刀出鞘谁能敌,3587,2018-09-15 11:50:00
第九百四十八章 疯魔,3871,2018-09-15 19:50:00
第九百四十九章 无上神识领域,3587,2018-09-16 11:53:10
第九百五十章 眼中故人,3097,2018-09-16 19:58:49
第九百五十一章 天元三斗,3717,2018-09-17 11:59:41
第九百五十二章 太帝，请死,3623,2018-09-17 19:50:00
第九百五十三章 请君入瓮,3278,2018-09-18 11:50:00
第九百五十四章 大罗无上神识,3717,2018-09-18 19:50:00
第九百五十五章 云天尊,3731,2018-09-19 11:50:00
第九百五十六章 神通广大,3803,2018-09-19 19:50:00
第九百五十七章 灵胎神藏领域,4106,2018-09-20 11:50:00
第九百五十八章 虚空彼岸,3713,2018-09-20 19:50:00
第九百五十九章 老大不努力，少壮徒伤悲,3726,2018-09-21 11:50:00
第九百六十章 正人君子,3280,2018-09-21 20:12:25
第九百六十一章 鱼儿的诱惑,3596,2018-09-22 11:54:15
第九百六十二章 一艘船，三天尊,3556,2018-09-22 19:50:00
第九百六十三章 傲娇的哥哥,3649,2018-09-23 11:58:12
第九百六十四章 虚空无忧乡,3669,2018-09-23 19:50:58
第九百六十五章 三个预言,3813,2018-09-24 12:02:21
第九百六十六章 圣婴的无奈,3820,2018-09-24 19:50:00
第九百六十七章 阆涴神王,3165,2018-09-25 12:00:00
第九百六十八章 有如天助,3213,2018-09-25 20:00:01
第九百六十九章 三场较量,3544,2018-09-26 12:01:54
第九百七十章 凌天尊必须死,3718,2018-09-26 20:00:00
第九百七十一章 牧、秦重聚（第一更！）,3928,2018-09-27 11:50:00
第九百七十二章 肚兜天尊（第二更！）,3599,2018-09-27 19:50:00
第九百七十三章 美人洗肩（第三更！）,3449,2018-09-27 22:00:00
第九百七十四章 双蛇颂，花儿香,3167,2018-09-28 12:03:28
第九百七十五章 先灵（第二更！）,3615,2018-09-28 19:50:00
第九百七十六章 神通入道八重天（第三更！）,3298,2018-09-28 22:00:00
第九百七十七章 失控的先灵罗霄,3353,2018-09-29 11:50:00
第九百七十八章 屁滚尿流（第二更！）,4086,2018-09-29 19:50:00
第九百七十九章 恐吓无忧乡（第三更求月票！）,3358,2018-09-29 21:51:29
第九百八十章 设身处地，易地而处,3274,2018-09-30 11:52:55
第九百八十一章 剑二十,3926,2018-09-30 20:04:06
第九百八十二章 无忧乡的真相,3607,2018-10-01 11:55:16
第九百八十三章 锈剑与锈心,3163,2018-10-01 19:56:48
第九百八十四章 天地英雄气，千秋尚凛然,3520,2018-10-02 12:02:31
第九百八十五章 老秦家的,3749,2018-10-02 20:04:19
第九百八十六章 他们不是你,3925,2018-10-03 12:01:21
第九百八十七章 第三十三重天剑域,3313,2018-10-03 20:06:01
第九百八十八章 雄关漫道真如铁,3551,2018-10-04 12:14:20
第九百八十九章 天尊之战，短兵相接,3588,2018-10-04 20:06:23
第九百九十章 坏弟弟羞羞,3581,2018-10-05 11:54:42
第九百九十一章 再入天帝后宫,3324,2018-10-05 19:55:39
第九百九十二章 牧天尊府,3557,2018-10-06 12:02:49
第九百九十三章 屋漏偏逢连夜雨,3549,2018-10-06 20:05:55
第九百九十四章 入宫面圣是非多,3610,2018-10-07 12:00:37
第九百九十五章 东宫太子,3266,2018-10-07 20:04:41
第九百九十六章 蛋壳,3554,2018-10-08 12:01:52
第九百九十七章 身份败露,3276,2018-10-08 20:03:16
第九百九十八章 鱼龙百变无踪迹,3659,2018-10-09 11:53:38
第九百九十九章 再遇都天魔王,3591,2018-10-09 19:59:22
第一千章 都天一梦,3855,2018-10-10 12:01:59
第一千零一章 白猫,3817,2018-10-10 20:01:29
第一千零二章 天龙宝辇,3596,2018-10-11 12:04:03
第一千零三章 人族晓天尊,3192,2018-10-11 20:05:56
第一千零四章 开皇的剑，秦牧的嘴,3547,2018-10-12 12:02:52
第一千零五章 瞎子的眼，哑巴的锤,3535,2018-10-12 20:05:20
第一千零六章 微观尺度,3094,2018-10-13 12:00:06
第一千零七章 太帝意识,3711,2018-10-13 20:12:40
第一千零八章 暗算太帝,3508,2018-10-14 12:00:14
第一千零九章 终极虚空,3868,2018-10-14 20:02:28
第一千零十章 村长的剑，瘸子的腿,3203,2018-10-15 12:05:20
第一千零十一章 回首春前梦一场,3109,2018-10-15 20:07:02
第一千零十二章 牧天尊啃老,3580,2018-10-16 12:11:48
第一千零一十三章 诸女结拜,3237,2018-10-16 20:04:47
第一千零一十四章 回乡情更怯,3112,2018-10-17 12:07:48
第一千零十五章 夺猫案,3505,2018-10-17 20:16:38
第一千零十六章 消失的背面,3539,2018-10-18 11:59:42
第一千零十七章 见龙在天,3690,2018-10-18 19:50:00
第一千零十八章 刚愎自用,3655,2018-10-19 11:50:00
第一千零十九章 紫陌花间客,3349,2018-10-19 19:50:00
第一千零二十章 一剑惊东极,4042,2018-10-20 12:09:47
第一千零二十一章 九送牧天尊,4188,2018-10-20 19:50:00
第一千零二十二章 开皇与四帝,3072,2018-10-21 12:05:43
第一千零二十三章 玄武二帝,3739,2018-10-21 20:05:12
第一千零二十四章 真武剑院,3649,2018-10-22 12:00:20
第一千零二十五章 大宇宙星图,3544,2018-10-22 20:11:09
第一千零二十六章 太子脱困,3847,2018-10-23 11:58:37
第一千零二十七章 爆锤阴天子,4033,2018-10-23 19:55:34
第一千零二十八章 西帝危局,3830,2018-10-24 12:04:55
第一千零二十九章 太帝，西帝，神王,3118,2018-10-24 20:12:36
第一千零三十章 西极天的女孩,3224,2018-10-25 12:04:17
第一千零三十一章 战争古神,3085,2018-10-25 20:04:42
第一千零三十二章 少年教主,3240,2018-10-26 12:07:36
第一千零三十三章 南帝之死,3797,2018-10-26 20:05:42
第一千零三十四章 披香殿降临,3857,2018-10-27 12:16:45
第一千零三十五章 两个贼，一个捕快,3554,2018-10-27 20:15:09
第一千零三十六章 桃花深处,3650,2018-10-28 12:09:44
第一千零三十七章 神通补完，鬼船穿越,4067,2018-10-28 20:14:56
第一千零三十八章 霄汉天庭,3744,2018-10-29 11:54:10
第一千零三十九章 神通立道,4173,2018-10-29 20:07:17
第一千零四十章 你们是我教的,4181,2018-10-30 11:50:00
第一千零四十一章 云天尊消失事件,4095,2018-10-30 19:50:00
第一千零四十二章 五曜古神,3835,2018-10-31 12:06:01
第一千零四十三章 五曜灾星,3680,2018-10-31 20:10:11
第一千零四十四章 召唤祖星,3617,2018-11-01 12:12:38
第一千零四十五章 五曜陨落,3801,2018-11-01 20:08:40
第一千零四十六章 惊变,4220,2018-11-02 12:09:22
第一千零四十七章 琉璃兄弟情,3661,2018-11-02 19:56:25
第一千零四十九章 琉璃易碎,4128,2018-11-03 11:47:46
第一千零五十章 古神的底细,3699,2018-11-03 19:50:00
第一千零五十一章 境界的颠覆者,3722,2018-11-04 11:50:00
第一千零五十二章 初探祖庭,3797,2018-11-04 19:50:00
第一千零五十三章 古神与金棺,4074,2018-11-05 11:50:00
第一千零五十四章 我不能死,3591,2018-11-05 19:50:00
第一千零五十五章 太帝往事,4211,2018-11-06 11:50:00
第一千零五十六章 至死不渝的爱,4081,2018-11-06 19:50:00
第一千零五十七章 罗霄之死,3787,2018-11-07 11:50:00
第一千零五十八章 这是你的发簪,4092,2018-11-07 19:50:00
第一千零五十九章 十万年绝境,4143,2018-11-08 11:50:00
第一千零六十章 黑暗将至,3690,2018-11-08 19:50:00
第一千零六十一章 古来未有之变局,3688,2018-11-09 11:50:00
第一千零六十二章 三天尊盗宝昭阳殿,3755,2018-11-09 19:50:00
第一千零六十三章 牧云昊再聚五明宫,3584,2018-11-10 11:50:00
第一千零六十四章 云罗帝试劈古神卵,3828,2018-11-10 19:50:00
第一千零六十五章 先天太始卵中成,4060,2018-11-11 11:50:00
第一千零六十六章 百世憨痴鹊菲茵,3661,2018-11-11 19:50:00
第一千零六十七章 相杀七十万载（第一更！）,2277,2018-11-12 00:00:00
第一千零六十八章 阆涴的最后一课（第二更！）,2104,2018-11-12 11:50:00
第一千零六十九章 太帝身死道未消，阆涴步入绝情道,2160,2018-11-12 18:00:00
第一千零七十章 青鸟来袭，华盖蔽空（第四更！）,2352,2018-11-12 19:51:37
第一千零七十一章 血拼大鸿（第一更！）,2067,2018-11-13 11:50:00
第一千零七十二章 龙血宝树护神魂（第二更！）,2379,2018-11-13 12:00:00
第一千零七十三章 天帝拜堂（第三更！）,2220,2018-11-13 19:50:00
第一千零七十四章 历史的血痕（第四更！）,2277,2018-11-13 20:00:00
第一千零七十五章 山穷水复疑无路,2129,2018-11-14 11:50:00
第一千零七十六章 玄武帝欺世盗名（第二更！）,2498,2018-11-14 11:55:00
第一千零七十七章 龙麒麟欲擒故纵（第三更！）,2184,2018-11-14 19:50:00
第一千零七十八章 第三枚古神卵（第四更！）,2224,2018-11-14 19:55:00
第一千零七十九章 龙丕暗算阴天子（第一更！）,2227,2018-11-15 11:50:00
第一千零八十章 名动万古（第二更！）,2206,2018-11-15 11:55:00
第一千零八十一章 龙汉第一天师（第三更！）,2300,2018-11-15 19:50:00
第一千零八十二章 龙山散人（第四更！）,2197,2018-11-15 19:55:00
第一千零八十三章 螳螂捕蝉，龙、雀在后,2312,2018-11-16 11:50:00
第一千零八十四章 一面之缘（第二更！）,2213,2018-11-16 11:55:00
第一千零八十五章 四次认同（第三更！）,2312,2018-11-16 19:50:00
第一千零八十六章 当勇士变成恶龙（第四更！）,2352,2018-11-16 19:55:00
第一千零八十七章 啊，这是凡间（第一更！）,2248,2018-11-17 11:50:00
第一千零八十八章 道一声珍重（第二更！）,2327,2018-11-17 11:55:00
第一千零八十九章 赤皇悟道,2142,2018-11-17 19:50:00
第一千零九十章 功名自有风云会,2122,2018-11-17 19:55:00
第一千零九十一章 天师白玉琼（第一更！）,2166,2018-11-18 11:50:00
第一千零九十二章 再遇阆涴（第二更！）,2293,2018-11-18 11:55:00
第一千零九十三章 削地母元君（第三更！）,2093,2018-11-18 19:50:00
第一千零九十四章 衡量道心（第四更！）,2155,2018-11-18 19:55:00
第一千零九十五章 刀中见精神（第一更！）,2143,2018-11-19 11:54:07
第一千零九十六章 以刀入道（第二更！）,2108,2018-11-19 12:00:00
第一千零九十七章 叩关南天门（第三更！）,2304,2018-11-19 19:50:00
第一千零九十八章 指压红唇（第四更！）,2143,2018-11-19 20:00:00
第一千零九十九章 有凤来仪（第一更！）,2135,2018-11-20 11:50:00
第一千一百章 我乃牧天尊（第二更！）,2381,2018-11-20 12:00:00
第一千一百零一章 新地母元君（第三更！）,2275,2018-11-20 19:50:00
第一千一百零二章 我娶你（第四更！）,2308,2018-11-20 20:00:00
第一千一百零三章 一口好剑（第一更！）,2375,2018-11-21 11:50:00
第一千一百零四章 打铁如画美人（第二更！）,2361,2018-11-21 12:00:00
第一千一百零五章 伴我同行（第三更！）,2167,2018-11-21 19:50:00
第一千一百零六章 造化神器（第四更！）,2318,2018-11-21 20:00:00
第一千一百零七章 神器四御（第一更！）,2108,2018-11-22 11:50:00
第一千一百零八章 地德元君（第二更！）,2063,2018-11-22 12:00:00
第一千一百零九章 我真傻，真的（第三更！）,2335,2018-11-22 19:50:00
第一千一百一十章 延丰帝与国师（第四更！）,2268,2018-11-22 20:00:00
第一千一百一十一章 攻必克，战必胜（第一更！）,2309,2018-11-23 11:50:00
第一千一百一十二章 凌天尊手札（第二更！）,2169,2018-11-23 12:00:00
第一千一百一十三章 天斗道功（第三更！）,2317,2018-11-23 19:50:00
第一千一百一十四章 断剑格杀（第四更！）,2245,2018-11-23 20:00:00
第一千一百一十五章 独一无二的我（第一更！）,2261,2018-11-24 11:50:00
第一千一百一十六章 杀几个古神（第二更）,2274,2018-11-24 12:00:00
第一千一百一十七章 冀州白土古神（第三更）,2232,2018-11-24 19:50:00
第一千一百一十八章 剑如虹，气如龙（第四更）,2557,2018-11-24 20:00:00
第一千一百一十九章 小天庭大天庭（第一更）,2155,2018-11-25 11:50:00
第一千一百二十章 这样的盟友，我不要（第二更）,2144,2018-11-25 12:00:00
第一千一百二十一章 不留活路（第三更）,2380,2018-11-25 19:50:00
第一千一百二十二章 有求必应（第四更）,2241,2018-11-25 20:00:00
第一千一百二十三章 曾经为人（第一更）,2409,2018-11-26 11:50:00
第一千一百二十四章 骨头,2078,2018-11-26 12:00:00
第一千一百二十五章 自出洞来无敌手（第三更！）,2142,2018-11-26 19:50:00
第一千一百二十六章 我可以吃你吗（第四更）,2307,2018-11-26 20:00:00
第一千一百二十七章 恨铁不成钢（第一更）,2191,2018-11-27 11:50:00
第一千一百二十八章 要命的弱点（第二更）,2260,2018-11-27 12:00:00
第一千一百二十九章 盆栽悟道（第三更！）,2201,2018-11-27 19:50:00
第一千一百三十章 牧天尊试劈古神卵（第四更）,2281,2018-11-27 20:00:00
第一千一百三十一章 江白圭折服烟云兮（第一更）,2371,2018-11-28 11:50:00
第一千一百三十二章 龙山大阵图（第二更）,2339,2018-11-28 12:00:00
第一千一百三十三章 开皇访天庭（第三更）,2105,2018-11-28 19:50:00
第一千一百三十四章 天尊之战（第四更）,2191,2018-11-28 20:00:00
第一千一百三十五章 剑道大帝,2296,2018-11-29 11:50:00
第一千一百三十六章 天庭裂,2085,2018-11-29 12:00:00
第一千一百三十七章 祖庭开,2553,2018-11-29 19:50:00
第一千一百三十八章 叫秦叔叔,2134,2018-11-29 20:00:00
第一千一百三十九章 秦氏无善类（第一更）,2382,2018-11-30 11:50:00
第一千一百四十章 你还欠我一个人情（第二更）,2354,2018-11-30 12:00:00
第一千一百四十一章 誓约之书（第三更）,2152,2018-11-30 19:50:00
第一千一百四十二章 利益均分（第四更）,2269,2018-11-30 20:00:00
